2026-05-02 19:45:11 [main] INFO  c.c.CustomerServiceApplication - Starting CustomerServiceApplication v1.0 using Java 17.0.18 with PID 1 (/app/app.jar started by root in /app)
2026-05-02 19:45:11 [main] DEBUG c.c.CustomerServiceApplication - Running with Spring Boot v3.2.5, Spring v6.1.6
2026-05-02 19:45:11 [main] INFO  c.c.CustomerServiceApplication - No active profile set, falling back to 1 default profile: "default"
2026-05-02 19:45:13 [main] INFO  o.s.d.r.c.RepositoryConfigurationDelegate - Multiple Spring Data modules found, entering strict repository configuration mode
2026-05-02 19:45:13 [main] INFO  o.s.d.r.c.RepositoryConfigurationDelegate - Bootstrapping Spring Data JDBC repositories in DEFAULT mode.
2026-05-02 19:45:13 [main] INFO  o.s.d.r.c.RepositoryConfigurationExtensionSupport - Spring Data JDBC - Could not safely identify store assignment for repository candidate interface com.customer.repository.CustomerRepository; If you want this repository to be a JDBC repository, consider annotating your entities with one of these annotations: org.springframework.data.relational.core.mapping.Table.
2026-05-02 19:45:13 [main] INFO  o.s.d.r.c.RepositoryConfigurationDelegate - Finished Spring Data repository scanning in 64 ms. Found 0 JDBC repository interfaces.
2026-05-02 19:45:13 [main] INFO  o.s.d.r.c.RepositoryConfigurationDelegate - Multiple Spring Data modules found, entering strict repository configuration mode
2026-05-02 19:45:13 [main] INFO  o.s.d.r.c.RepositoryConfigurationDelegate - Bootstrapping Spring Data JPA repositories in DEFAULT mode.
2026-05-02 19:45:13 [main] INFO  o.s.d.r.c.RepositoryConfigurationDelegate - Finished Spring Data repository scanning in 54 ms. Found 1 JPA repository interface.
2026-05-02 19:45:14 [main] INFO  o.s.b.w.e.tomcat.TomcatWebServer - Tomcat initialized with port 9090 (http)
2026-05-02 19:45:14 [main] INFO  o.a.catalina.core.StandardService - Starting service [Tomcat]
2026-05-02 19:45:14 [main] INFO  o.a.catalina.core.StandardEngine - Starting Servlet engine: [Apache Tomcat/10.1.20]
2026-05-02 19:45:14 [main] INFO  o.a.c.c.C.[Tomcat].[localhost].[/] - Initializing Spring embedded WebApplicationContext
2026-05-02 19:45:14 [main] INFO  o.s.b.w.s.c.ServletWebServerApplicationContext - Root WebApplicationContext: initialization completed in 3208 ms
2026-05-02 19:45:14 [main] INFO  o.h.jpa.internal.util.LogHelper - HHH000204: Processing PersistenceUnitInfo [name: default]
2026-05-02 19:45:14 [main] INFO  org.hibernate.Version - HHH000412: Hibernate ORM core version 6.4.4.Final
2026-05-02 19:45:15 [main] INFO  o.h.c.i.RegionFactoryInitiator - HHH000026: Second-level cache disabled
2026-05-02 19:45:15 [main] INFO  o.s.o.j.p.SpringPersistenceUnitInfo - No LoadTimeWeaver setup: ignoring JPA class transformer
2026-05-02 19:45:15 [main] INFO  com.zaxxer.hikari.HikariDataSource - HikariPool-1 - Starting...
2026-05-02 19:45:15 [main] INFO  com.zaxxer.hikari.pool.HikariPool - HikariPool-1 - Added connection com.mysql.cj.jdbc.ConnectionImpl@58e02359
2026-05-02 19:45:15 [main] INFO  com.zaxxer.hikari.HikariDataSource - HikariPool-1 - Start completed.
2026-05-02 19:45:17 [main] INFO  o.h.e.t.j.p.i.JtaPlatformInitiator - HHH000489: No JTA platform available (set 'hibernate.transaction.jta.platform' to enable JTA platform integration)
2026-05-02 19:45:17 [main] INFO  o.s.o.j.LocalContainerEntityManagerFactoryBean - Initialized JPA EntityManagerFactory for persistence unit 'default'
2026-05-02 19:45:18 [main] WARN  o.s.b.a.o.j.JpaBaseConfiguration$JpaWebConfiguration - spring.jpa.open-in-view is enabled by default. Therefore, database queries may be performed during view rendering. Explicitly configure spring.jpa.open-in-view to disable this warning
2026-05-02 19:45:19 [main] INFO  o.s.b.w.e.tomcat.TomcatWebServer - Tomcat started on port 9090 (http) with context path ''
2026-05-02 19:45:19 [main] INFO  c.c.CustomerServiceApplication - Started CustomerServiceApplication in 8.862 seconds (process running for 10.668)
2026-05-02 19:45:42 [http-nio-9090-exec-1] INFO  o.a.c.c.C.[Tomcat].[localhost].[/] - Initializing Spring DispatcherServlet 'dispatcherServlet'
2026-05-02 19:45:42 [http-nio-9090-exec-1] INFO  o.s.web.servlet.DispatcherServlet - Initializing Servlet 'dispatcherServlet'
2026-05-02 19:45:42 [http-nio-9090-exec-1] INFO  o.s.web.servlet.DispatcherServlet - Completed initialization in 2 ms
2026-05-02 19:45:42 [http-nio-9090-exec-1] INFO  c.c.controller.CustomerController - Entering getAllCustomers method
2026-05-02 19:45:42 [http-nio-9090-exec-1] INFO  c.customer.service.CustomerService - Entering getAllCustomers
2026-05-02 19:45:46 [http-nio-9090-exec-2] INFO  c.c.controller.CustomerController - Entering getAllCustomers method
2026-05-02 19:45:46 [http-nio-9090-exec-2] INFO  c.customer.service.CustomerService - Entering getAllCustomers
2026-05-02 19:45:52 [http-nio-9090-exec-4] ERROR c.c.exception.GlobalExceptionHandler - Handling global exception: Content-Type 'application/json' is not supported
org.springframework.web.HttpMediaTypeNotSupportedException: Content-Type 'application/json' is not supported
	at org.springframework.web.servlet.mvc.method.RequestMappingInfoHandlerMapping.handleNoMatch(RequestMappingInfoHandlerMapping.java:282)
	at org.springframework.web.servlet.handler.AbstractHandlerMethodMapping.lookupHandlerMethod(AbstractHandlerMethodMapping.java:441)
	at org.springframework.web.servlet.handler.AbstractHandlerMethodMapping.getHandlerInternal(AbstractHandlerMethodMapping.java:382)
	at org.springframework.web.servlet.mvc.method.RequestMappingInfoHandlerMapping.getHandlerInternal(RequestMappingInfoHandlerMapping.java:127)
	at org.springframework.web.servlet.mvc.method.RequestMappingInfoHandlerMapping.getHandlerInternal(RequestMappingInfoHandlerMapping.java:68)
	at org.springframework.web.servlet.handler.AbstractHandlerMapping.getHandler(AbstractHandlerMapping.java:507)
	at org.springframework.web.servlet.DispatcherServlet.getHandler(DispatcherServlet.java:1283)
	at org.springframework.web.servlet.DispatcherServlet.doDispatch(DispatcherServlet.java:1065)
	at org.springframework.web.servlet.DispatcherServlet.doService(DispatcherServlet.java:979)
	at org.springframework.web.servlet.FrameworkServlet.processRequest(FrameworkServlet.java:1014)
	at org.springframework.web.servlet.FrameworkServlet.doPost(FrameworkServlet.java:914)
	at jakarta.servlet.http.HttpServlet.service(HttpServlet.java:590)
	at org.springframework.web.servlet.FrameworkServlet.service(FrameworkServlet.java:885)
	at jakarta.servlet.http.HttpServlet.service(HttpServlet.java:658)
	at org.apache.catalina.core.ApplicationFilterChain.internalDoFilter(ApplicationFilterChain.java:206)
	at org.apache.catalina.core.ApplicationFilterChain.doFilter(ApplicationFilterChain.java:150)
	at org.apache.tomcat.websocket.server.WsFilter.doFilter(WsFilter.java:51)
	at org.apache.catalina.core.ApplicationFilterChain.internalDoFilter(ApplicationFilterChain.java:175)
	at org.apache.catalina.core.ApplicationFilterChain.doFilter(ApplicationFilterChain.java:150)
	at org.springframework.web.filter.RequestContextFilter.doFilterInternal(RequestContextFilter.java:100)
	at org.springframework.web.filter.OncePerRequestFilter.doFilter(OncePerRequestFilter.java:116)
	at org.apache.catalina.core.ApplicationFilterChain.internalDoFilter(ApplicationFilterChain.java:175)
	at org.apache.catalina.core.ApplicationFilterChain.doFilter(ApplicationFilterChain.java:150)
	at org.springframework.web.filter.FormContentFilter.doFilterInternal(FormContentFilter.java:93)
	at org.springframework.web.filter.OncePerRequestFilter.doFilter(OncePerRequestFilter.java:116)
	at org.apache.catalina.core.ApplicationFilterChain.internalDoFilter(ApplicationFilterChain.java:175)
	at org.apache.catalina.core.ApplicationFilterChain.doFilter(ApplicationFilterChain.java:150)
	at org.springframework.web.filter.CharacterEncodingFilter.doFilterInternal(CharacterEncodingFilter.java:201)
	at org.springframework.web.filter.OncePerRequestFilter.doFilter(OncePerRequestFilter.java:116)
	at org.apache.catalina.core.ApplicationFilterChain.internalDoFilter(ApplicationFilterChain.java:175)
	at org.apache.catalina.core.ApplicationFilterChain.doFilter(ApplicationFilterChain.java:150)
	at org.apache.catalina.core.StandardWrapperValve.invoke(StandardWrapperValve.java:167)
	at org.apache.catalina.core.StandardContextValve.invoke(StandardContextValve.java:90)
	at org.apache.catalina.authenticator.AuthenticatorBase.invoke(AuthenticatorBase.java:482)
	at org.apache.catalina.core.StandardHostValve.invoke(StandardHostValve.java:115)
	at org.apache.catalina.valves.ErrorReportValve.invoke(ErrorReportValve.java:93)
	at org.apache.catalina.core.StandardEngineValve.invoke(StandardEngineValve.java:74)
	at org.apache.catalina.connector.CoyoteAdapter.service(CoyoteAdapter.java:344)
	at org.apache.coyote.http11.Http11Processor.service(Http11Processor.java:391)
	at org.apache.coyote.AbstractProcessorLight.process(AbstractProcessorLight.java:63)
	at org.apache.coyote.AbstractProtocol$ConnectionHandler.process(AbstractProtocol.java:896)
	at org.apache.tomcat.util.net.NioEndpoint$SocketProcessor.doRun(NioEndpoint.java:1736)
	at org.apache.tomcat.util.net.SocketProcessorBase.run(SocketProcessorBase.java:52)
	at org.apache.tomcat.util.threads.ThreadPoolExecutor.runWorker(ThreadPoolExecutor.java:1191)
	at org.apache.tomcat.util.threads.ThreadPoolExecutor$Worker.run(ThreadPoolExecutor.java:659)
	at org.apache.tomcat.util.threads.TaskThread$WrappingRunnable.run(TaskThread.java:63)
	at java.base/java.lang.Thread.run(Unknown Source)
2026-05-02 19:46:40 [SpringApplicationShutdownHook] INFO  o.s.o.j.LocalContainerEntityManagerFactoryBean - Closing JPA EntityManagerFactory for persistence unit 'default'
2026-05-02 19:46:40 [SpringApplicationShutdownHook] INFO  com.zaxxer.hikari.HikariDataSource - HikariPool-1 - Shutdown initiated...
2026-05-02 19:46:40 [SpringApplicationShutdownHook] INFO  com.zaxxer.hikari.HikariDataSource - HikariPool-1 - Shutdown completed.
2026-05-02 19:46:44 [main] INFO  c.c.CustomerServiceApplication - Starting CustomerServiceApplication v1.0 using Java 17.0.18 with PID 1 (/app/app.jar started by root in /app)
2026-05-02 19:46:44 [main] DEBUG c.c.CustomerServiceApplication - Running with Spring Boot v3.2.5, Spring v6.1.6
2026-05-02 19:46:44 [main] INFO  c.c.CustomerServiceApplication - No active profile set, falling back to 1 default profile: "default"
2026-05-02 19:46:46 [main] INFO  o.s.d.r.c.RepositoryConfigurationDelegate - Multiple Spring Data modules found, entering strict repository configuration mode
2026-05-02 19:46:46 [main] INFO  o.s.d.r.c.RepositoryConfigurationDelegate - Bootstrapping Spring Data JDBC repositories in DEFAULT mode.
2026-05-02 19:46:46 [main] INFO  o.s.d.r.c.RepositoryConfigurationExtensionSupport - Spring Data JDBC - Could not safely identify store assignment for repository candidate interface com.customer.repository.CustomerRepository; If you want this repository to be a JDBC repository, consider annotating your entities with one of these annotations: org.springframework.data.relational.core.mapping.Table.
2026-05-02 19:46:46 [main] INFO  o.s.d.r.c.RepositoryConfigurationDelegate - Finished Spring Data repository scanning in 54 ms. Found 0 JDBC repository interfaces.
2026-05-02 19:46:46 [main] INFO  o.s.d.r.c.RepositoryConfigurationDelegate - Multiple Spring Data modules found, entering strict repository configuration mode
2026-05-02 19:46:46 [main] INFO  o.s.d.r.c.RepositoryConfigurationDelegate - Bootstrapping Spring Data JPA repositories in DEFAULT mode.
2026-05-02 19:46:46 [main] INFO  o.s.d.r.c.RepositoryConfigurationDelegate - Finished Spring Data repository scanning in 36 ms. Found 1 JPA repository interface.
2026-05-02 19:46:47 [main] INFO  o.s.b.w.e.tomcat.TomcatWebServer - Tomcat initialized with port 9090 (http)
2026-05-02 19:46:47 [main] INFO  o.a.catalina.core.StandardService - Starting service [Tomcat]
2026-05-02 19:46:47 [main] INFO  o.a.catalina.core.StandardEngine - Starting Servlet engine: [Apache Tomcat/10.1.20]
2026-05-02 19:46:47 [main] INFO  o.a.c.c.C.[Tomcat].[localhost].[/] - Initializing Spring embedded WebApplicationContext
2026-05-02 19:46:47 [main] INFO  o.s.b.w.s.c.ServletWebServerApplicationContext - Root WebApplicationContext: initialization completed in 3040 ms
2026-05-02 19:46:48 [main] INFO  o.h.jpa.internal.util.LogHelper - HHH000204: Processing PersistenceUnitInfo [name: default]
2026-05-02 19:46:48 [main] INFO  org.hibernate.Version - HHH000412: Hibernate ORM core version 6.4.4.Final
2026-05-02 19:46:48 [main] INFO  o.h.c.i.RegionFactoryInitiator - HHH000026: Second-level cache disabled
2026-05-02 19:46:48 [main] INFO  o.s.o.j.p.SpringPersistenceUnitInfo - No LoadTimeWeaver setup: ignoring JPA class transformer
2026-05-02 19:46:48 [main] INFO  com.zaxxer.hikari.HikariDataSource - HikariPool-1 - Starting...
2026-05-02 19:46:49 [main] INFO  com.zaxxer.hikari.pool.HikariPool - HikariPool-1 - Added connection com.mysql.cj.jdbc.ConnectionImpl@682266d8
2026-05-02 19:46:49 [main] INFO  com.zaxxer.hikari.HikariDataSource - HikariPool-1 - Start completed.
2026-05-02 19:46:50 [main] INFO  o.h.e.t.j.p.i.JtaPlatformInitiator - HHH000489: No JTA platform available (set 'hibernate.transaction.jta.platform' to enable JTA platform integration)
2026-05-02 19:46:50 [main] INFO  o.s.o.j.LocalContainerEntityManagerFactoryBean - Initialized JPA EntityManagerFactory for persistence unit 'default'
2026-05-02 19:46:51 [main] WARN  o.s.b.a.o.j.JpaBaseConfiguration$JpaWebConfiguration - spring.jpa.open-in-view is enabled by default. Therefore, database queries may be performed during view rendering. Explicitly configure spring.jpa.open-in-view to disable this warning
2026-05-02 19:46:52 [main] INFO  o.s.b.w.e.tomcat.TomcatWebServer - Tomcat started on port 9090 (http) with context path ''
2026-05-02 19:46:52 [main] INFO  c.c.CustomerServiceApplication - Started CustomerServiceApplication in 8.765 seconds (process running for 9.914)
2026-05-02 19:47:07 [http-nio-9090-exec-2] INFO  o.a.c.c.C.[Tomcat].[localhost].[/] - Initializing Spring DispatcherServlet 'dispatcherServlet'
2026-05-02 19:47:07 [http-nio-9090-exec-2] INFO  o.s.web.servlet.DispatcherServlet - Initializing Servlet 'dispatcherServlet'
2026-05-02 19:47:07 [http-nio-9090-exec-2] INFO  o.s.web.servlet.DispatcherServlet - Completed initialization in 3 ms
2026-05-02 19:47:07 [http-nio-9090-exec-2] INFO  c.c.controller.CustomerController - Entering getAllCustomers method
2026-05-02 19:47:07 [http-nio-9090-exec-2] INFO  c.customer.service.CustomerService - Entering getAllCustomers
2026-05-02 19:47:09 [http-nio-9090-exec-3] INFO  c.c.controller.CustomerController - Entering getAllCustomers method
2026-05-02 19:47:09 [http-nio-9090-exec-3] INFO  c.customer.service.CustomerService - Entering getAllCustomers
2026-05-02 19:47:10 [http-nio-9090-exec-1] INFO  c.c.controller.CustomerController - Entering getAllCustomers method
2026-05-02 19:47:10 [http-nio-9090-exec-1] INFO  c.customer.service.CustomerService - Entering getAllCustomers
2026-05-02 19:47:16 [http-nio-9090-exec-4] INFO  c.c.controller.CustomerController - Entering uploadCustomers method with file: bank_customers.csv
2026-05-02 19:47:16 [http-nio-9090-exec-4] INFO  c.customer.service.CustomerService - Entering uploadCustomersFromCsv with file: bank_customers.csv
2026-05-02 19:47:16 [http-nio-9090-exec-4] DEBUG com.customer.entity.Customer - Setting name to: Vivaan Khan
2026-05-02 19:47:17 [http-nio-9090-exec-4] DEBUG com.customer.entity.Customer - Setting name to: Aarav Kulkarni
2026-05-02 19:47:17 [http-nio-9090-exec-4] DEBUG com.customer.entity.Customer - Setting name to: Myra Bose
2026-05-02 19:47:17 [http-nio-9090-exec-4] DEBUG com.customer.entity.Customer - Setting name to: Om Mehta
2026-05-02 19:47:17 [http-nio-9090-exec-4] DEBUG com.customer.entity.Customer - Setting name to: Aadhya Gupta
2026-05-02 19:47:17 [http-nio-9090-exec-4] DEBUG com.customer.entity.Customer - Setting name to: Raj Verma
2026-05-02 19:47:17 [http-nio-9090-exec-4] DEBUG com.customer.entity.Customer - Setting name to: Avni Reddy
2026-05-02 19:47:17 [http-nio-9090-exec-4] DEBUG com.customer.entity.Customer - Setting name to: Ira Mukherjee
2026-05-02 19:47:17 [http-nio-9090-exec-4] DEBUG com.customer.entity.Customer - Setting name to: Kabir Iyer
2026-05-02 19:47:17 [http-nio-9090-exec-4] DEBUG com.customer.entity.Customer - Setting name to: Arjun Kapoor
2026-05-02 19:47:17 [http-nio-9090-exec-4] DEBUG com.customer.entity.Customer - Setting name to: Aisha Joshi
2026-05-02 19:47:17 [http-nio-9090-exec-4] DEBUG com.customer.entity.Customer - Setting name to: Aditya Khan
2026-05-02 19:47:17 [http-nio-9090-exec-4] DEBUG com.customer.entity.Customer - Setting name to: Krishna Gupta
2026-05-02 19:47:17 [http-nio-9090-exec-4] DEBUG com.customer.entity.Customer - Setting name to: Karan Bhat
2026-05-02 19:47:17 [http-nio-9090-exec-4] DEBUG com.customer.entity.Customer - Setting name to: Vihaan Verma
2026-05-02 19:47:17 [http-nio-9090-exec-4] DEBUG com.customer.entity.Customer - Setting name to: Karan Kulkarni
2026-05-02 19:47:17 [http-nio-9090-exec-4] DEBUG com.customer.entity.Customer - Setting name to: Myra Mukherjee
2026-05-02 19:47:17 [http-nio-9090-exec-4] DEBUG com.customer.entity.Customer - Setting name to: Meera Khan
2026-05-02 19:47:17 [http-nio-9090-exec-4] DEBUG com.customer.entity.Customer - Setting name to: Saanvi Verma
2026-05-02 19:47:17 [http-nio-9090-exec-4] DEBUG com.customer.entity.Customer - Setting name to: Saanvi Sharma
2026-05-02 19:47:17 [http-nio-9090-exec-4] DEBUG com.customer.entity.Customer - Setting name to: Avni Shetty
2026-05-02 19:47:17 [http-nio-9090-exec-4] DEBUG com.customer.entity.Customer - Setting name to: Diya Iyer
2026-05-02 19:47:17 [http-nio-9090-exec-4] DEBUG com.customer.entity.Customer - Setting name to: Raj Nair
2026-05-02 19:47:17 [http-nio-9090-exec-4] DEBUG com.customer.entity.Customer - Setting name to: Krishna Mehta
2026-05-02 19:47:17 [http-nio-9090-exec-4] DEBUG com.customer.entity.Customer - Setting name to: Ira Shetty
2026-05-02 19:47:17 [http-nio-9090-exec-4] DEBUG com.customer.entity.Customer - Setting name to: Reyansh Mukherjee
2026-05-02 19:47:17 [http-nio-9090-exec-4] DEBUG com.customer.entity.Customer - Setting name to: Aadhya Verma
2026-05-02 19:47:17 [http-nio-9090-exec-4] DEBUG com.customer.entity.Customer - Setting name to: Aditya Sharma
2026-05-02 19:47:17 [http-nio-9090-exec-4] DEBUG com.customer.entity.Customer - Setting name to: Meera Kapoor
2026-05-02 19:47:17 [http-nio-9090-exec-4] DEBUG com.customer.entity.Customer - Setting name to: Rohan Sharma
2026-05-02 19:47:17 [http-nio-9090-exec-4] DEBUG com.customer.entity.Customer - Setting name to: Navya Chatterjee
2026-05-02 19:47:17 [http-nio-9090-exec-4] DEBUG com.customer.entity.Customer - Setting name to: Sai Patel
2026-05-02 19:47:17 [http-nio-9090-exec-4] DEBUG com.customer.entity.Customer - Setting name to: Aisha Kapoor
2026-05-02 19:47:17 [http-nio-9090-exec-4] DEBUG com.customer.entity.Customer - Setting name to: Karan Mukherjee
2026-05-02 19:47:17 [http-nio-9090-exec-4] DEBUG com.customer.entity.Customer - Setting name to: Ishaan Kulkarni
2026-05-02 19:47:17 [http-nio-9090-exec-4] DEBUG com.customer.entity.Customer - Setting name to: Ira Das
2026-05-02 19:47:17 [http-nio-9090-exec-4] DEBUG com.customer.entity.Customer - Setting name to: Meera Gupta
2026-05-02 19:47:17 [http-nio-9090-exec-4] DEBUG com.customer.entity.Customer - Setting name to: Kabir Sharma
2026-05-02 19:47:17 [http-nio-9090-exec-4] DEBUG com.customer.entity.Customer - Setting name to: Aadhya Kulkarni
2026-05-02 19:47:17 [http-nio-9090-exec-4] DEBUG com.customer.entity.Customer - Setting name to: Ira Mehta
2026-05-02 19:47:17 [http-nio-9090-exec-4] DEBUG com.customer.entity.Customer - Setting name to: Neha Kapoor
2026-05-02 19:47:17 [http-nio-9090-exec-4] DEBUG com.customer.entity.Customer - Setting name to: Vivaan Chatterjee
2026-05-02 19:47:17 [http-nio-9090-exec-4] DEBUG com.customer.entity.Customer - Setting name to: Vihaan Bose
2026-05-02 19:47:17 [http-nio-9090-exec-4] DEBUG com.customer.entity.Customer - Setting name to: Aarohi Menon
2026-05-02 19:47:17 [http-nio-9090-exec-4] DEBUG com.customer.entity.Customer - Setting name to: Neha Menon
2026-05-02 19:47:17 [http-nio-9090-exec-4] DEBUG com.customer.entity.Customer - Setting name to: Pari Bose
2026-05-02 19:47:17 [http-nio-9090-exec-4] DEBUG com.customer.entity.Customer - Setting name to: Kabir Kapoor
2026-05-02 19:47:17 [http-nio-9090-exec-4] DEBUG com.customer.entity.Customer - Setting name to: Aarav Chatterjee
2026-05-02 19:47:17 [http-nio-9090-exec-4] DEBUG com.customer.entity.Customer - Setting name to: Pari Mukherjee
2026-05-02 19:47:17 [http-nio-9090-exec-4] DEBUG com.customer.entity.Customer - Setting name to: Aditya Patel
2026-05-02 19:47:17 [http-nio-9090-exec-4] DEBUG com.customer.entity.Customer - Setting name to: Anika Mukherjee
2026-05-02 19:47:17 [http-nio-9090-exec-4] DEBUG com.customer.entity.Customer - Setting name to: Ananya Shetty
2026-05-02 19:47:17 [http-nio-9090-exec-4] DEBUG com.customer.entity.Customer - Setting name to: Reyansh Joshi
2026-05-02 19:47:17 [http-nio-9090-exec-4] DEBUG com.customer.entity.Customer - Setting name to: Shruti Das
2026-05-02 19:47:18 [http-nio-9090-exec-4] DEBUG com.customer.entity.Customer - Setting name to: Pari Gupta
2026-05-02 19:47:18 [http-nio-9090-exec-4] DEBUG com.customer.entity.Customer - Setting name to: Sai Joshi
2026-05-02 19:47:18 [http-nio-9090-exec-4] DEBUG com.customer.entity.Customer - Setting name to: Ananya Shetty
2026-05-02 19:47:18 [http-nio-9090-exec-4] DEBUG com.customer.entity.Customer - Setting name to: Om Patel
2026-05-02 19:47:18 [http-nio-9090-exec-4] DEBUG com.customer.entity.Customer - Setting name to: Raj Bhat
2026-05-02 19:47:18 [http-nio-9090-exec-4] DEBUG com.customer.entity.Customer - Setting name to: Vihaan Patel
2026-05-02 19:47:18 [http-nio-9090-exec-4] INFO  c.customer.service.CustomerService - CSV upload completed successfully. Processed 60 records.
2026-05-02 19:47:18 [http-nio-9090-exec-4] INFO  c.c.controller.CustomerController - Customers uploaded successfully from CSV
2026-05-02 19:47:18 [http-nio-9090-exec-5] INFO  c.c.controller.CustomerController - Entering getAllCustomers method
2026-05-02 19:47:18 [http-nio-9090-exec-5] INFO  c.customer.service.CustomerService - Entering getAllCustomers
2026-05-02 19:47:18 [http-nio-9090-exec-5] INFO  com.customer.mapper.CustomerMapper - Mapping Customer entity to CustomerResponse
2026-05-02 19:47:18 [http-nio-9090-exec-5] INFO  com.customer.mapper.CustomerMapper - Mapping Customer entity to CustomerResponse
2026-05-02 19:47:18 [http-nio-9090-exec-5] INFO  com.customer.mapper.CustomerMapper - Mapping Customer entity to CustomerResponse
2026-05-02 19:47:18 [http-nio-9090-exec-5] INFO  com.customer.mapper.CustomerMapper - Mapping Customer entity to CustomerResponse
2026-05-02 19:47:18 [http-nio-9090-exec-5] INFO  com.customer.mapper.CustomerMapper - Mapping Customer entity to CustomerResponse
2026-05-02 19:47:18 [http-nio-9090-exec-5] INFO  com.customer.mapper.CustomerMapper - Mapping Customer entity to CustomerResponse
2026-05-02 19:47:18 [http-nio-9090-exec-5] INFO  com.customer.mapper.CustomerMapper - Mapping Customer entity to CustomerResponse
2026-05-02 19:47:18 [http-nio-9090-exec-5] INFO  com.customer.mapper.CustomerMapper - Mapping Customer entity to CustomerResponse
2026-05-02 19:47:18 [http-nio-9090-exec-5] INFO  com.customer.mapper.CustomerMapper - Mapping Customer entity to CustomerResponse
2026-05-02 19:47:18 [http-nio-9090-exec-5] INFO  com.customer.mapper.CustomerMapper - Mapping Customer entity to CustomerResponse
2026-05-02 19:47:18 [http-nio-9090-exec-5] INFO  com.customer.mapper.CustomerMapper - Mapping Customer entity to CustomerResponse
2026-05-02 19:47:18 [http-nio-9090-exec-5] INFO  com.customer.mapper.CustomerMapper - Mapping Customer entity to CustomerResponse
2026-05-02 19:47:18 [http-nio-9090-exec-5] INFO  com.customer.mapper.CustomerMapper - Mapping Customer entity to CustomerResponse
2026-05-02 19:47:18 [http-nio-9090-exec-5] INFO  com.customer.mapper.CustomerMapper - Mapping Customer entity to CustomerResponse
2026-05-02 19:47:18 [http-nio-9090-exec-5] INFO  com.customer.mapper.CustomerMapper - Mapping Customer entity to CustomerResponse
2026-05-02 19:47:18 [http-nio-9090-exec-5] INFO  com.customer.mapper.CustomerMapper - Mapping Customer entity to CustomerResponse
2026-05-02 19:47:18 [http-nio-9090-exec-5] INFO  com.customer.mapper.CustomerMapper - Mapping Customer entity to CustomerResponse
2026-05-02 19:47:18 [http-nio-9090-exec-5] INFO  com.customer.mapper.CustomerMapper - Mapping Customer entity to CustomerResponse
2026-05-02 19:47:18 [http-nio-9090-exec-5] INFO  com.customer.mapper.CustomerMapper - Mapping Customer entity to CustomerResponse
2026-05-02 19:47:18 [http-nio-9090-exec-5] INFO  com.customer.mapper.CustomerMapper - Mapping Customer entity to CustomerResponse
2026-05-02 19:47:18 [http-nio-9090-exec-5] INFO  com.customer.mapper.CustomerMapper - Mapping Customer entity to CustomerResponse
2026-05-02 19:47:18 [http-nio-9090-exec-5] INFO  com.customer.mapper.CustomerMapper - Mapping Customer entity to CustomerResponse
2026-05-02 19:47:18 [http-nio-9090-exec-5] INFO  com.customer.mapper.CustomerMapper - Mapping Customer entity to CustomerResponse
2026-05-02 19:47:18 [http-nio-9090-exec-5] INFO  com.customer.mapper.CustomerMapper - Mapping Customer entity to CustomerResponse
2026-05-02 19:47:18 [http-nio-9090-exec-5] INFO  com.customer.mapper.CustomerMapper - Mapping Customer entity to CustomerResponse
2026-05-02 19:47:18 [http-nio-9090-exec-5] INFO  com.customer.mapper.CustomerMapper - Mapping Customer entity to CustomerResponse
2026-05-02 19:47:18 [http-nio-9090-exec-5] INFO  com.customer.mapper.CustomerMapper - Mapping Customer entity to CustomerResponse
2026-05-02 19:47:18 [http-nio-9090-exec-5] INFO  com.customer.mapper.CustomerMapper - Mapping Customer entity to CustomerResponse
2026-05-02 19:47:18 [http-nio-9090-exec-5] INFO  com.customer.mapper.CustomerMapper - Mapping Customer entity to CustomerResponse
2026-05-02 19:47:18 [http-nio-9090-exec-5] INFO  com.customer.mapper.CustomerMapper - Mapping Customer entity to CustomerResponse
2026-05-02 19:47:18 [http-nio-9090-exec-5] INFO  com.customer.mapper.CustomerMapper - Mapping Customer entity to CustomerResponse
2026-05-02 19:47:18 [http-nio-9090-exec-5] INFO  com.customer.mapper.CustomerMapper - Mapping Customer entity to CustomerResponse
2026-05-02 19:47:18 [http-nio-9090-exec-5] INFO  com.customer.mapper.CustomerMapper - Mapping Customer entity to CustomerResponse
2026-05-02 19:47:18 [http-nio-9090-exec-5] INFO  com.customer.mapper.CustomerMapper - Mapping Customer entity to CustomerResponse
2026-05-02 19:47:18 [http-nio-9090-exec-5] INFO  com.customer.mapper.CustomerMapper - Mapping Customer entity to CustomerResponse
2026-05-02 19:47:18 [http-nio-9090-exec-5] INFO  com.customer.mapper.CustomerMapper - Mapping Customer entity to CustomerResponse
2026-05-02 19:47:18 [http-nio-9090-exec-5] INFO  com.customer.mapper.CustomerMapper - Mapping Customer entity to CustomerResponse
2026-05-02 19:47:18 [http-nio-9090-exec-5] INFO  com.customer.mapper.CustomerMapper - Mapping Customer entity to CustomerResponse
2026-05-02 19:47:18 [http-nio-9090-exec-5] INFO  com.customer.mapper.CustomerMapper - Mapping Customer entity to CustomerResponse
2026-05-02 19:47:18 [http-nio-9090-exec-5] INFO  com.customer.mapper.CustomerMapper - Mapping Customer entity to CustomerResponse
2026-05-02 19:47:18 [http-nio-9090-exec-5] INFO  com.customer.mapper.CustomerMapper - Mapping Customer entity to CustomerResponse
2026-05-02 19:47:18 [http-nio-9090-exec-5] INFO  com.customer.mapper.CustomerMapper - Mapping Customer entity to CustomerResponse
2026-05-02 19:47:18 [http-nio-9090-exec-5] INFO  com.customer.mapper.CustomerMapper - Mapping Customer entity to CustomerResponse
2026-05-02 19:47:18 [http-nio-9090-exec-5] INFO  com.customer.mapper.CustomerMapper - Mapping Customer entity to CustomerResponse
2026-05-02 19:47:18 [http-nio-9090-exec-5] INFO  com.customer.mapper.CustomerMapper - Mapping Customer entity to CustomerResponse
2026-05-02 19:47:18 [http-nio-9090-exec-5] INFO  com.customer.mapper.CustomerMapper - Mapping Customer entity to CustomerResponse
2026-05-02 19:47:18 [http-nio-9090-exec-5] INFO  com.customer.mapper.CustomerMapper - Mapping Customer entity to CustomerResponse
2026-05-02 19:47:18 [http-nio-9090-exec-5] INFO  com.customer.mapper.CustomerMapper - Mapping Customer entity to CustomerResponse
2026-05-02 19:47:18 [http-nio-9090-exec-5] INFO  com.customer.mapper.CustomerMapper - Mapping Customer entity to CustomerResponse
2026-05-02 19:47:18 [http-nio-9090-exec-5] INFO  com.customer.mapper.CustomerMapper - Mapping Customer entity to CustomerResponse
2026-05-02 19:47:18 [http-nio-9090-exec-5] INFO  com.customer.mapper.CustomerMapper - Mapping Customer entity to CustomerResponse
2026-05-02 19:47:18 [http-nio-9090-exec-5] INFO  com.customer.mapper.CustomerMapper - Mapping Customer entity to CustomerResponse
2026-05-02 19:47:18 [http-nio-9090-exec-5] INFO  com.customer.mapper.CustomerMapper - Mapping Customer entity to CustomerResponse
2026-05-02 19:47:18 [http-nio-9090-exec-5] INFO  com.customer.mapper.CustomerMapper - Mapping Customer entity to CustomerResponse
2026-05-02 19:47:18 [http-nio-9090-exec-5] INFO  com.customer.mapper.CustomerMapper - Mapping Customer entity to CustomerResponse
2026-05-02 19:47:18 [http-nio-9090-exec-5] INFO  com.customer.mapper.CustomerMapper - Mapping Customer entity to CustomerResponse
2026-05-02 19:47:18 [http-nio-9090-exec-5] INFO  com.customer.mapper.CustomerMapper - Mapping Customer entity to CustomerResponse
2026-05-02 19:47:18 [http-nio-9090-exec-5] INFO  com.customer.mapper.CustomerMapper - Mapping Customer entity to CustomerResponse
2026-05-02 19:47:18 [http-nio-9090-exec-5] INFO  com.customer.mapper.CustomerMapper - Mapping Customer entity to CustomerResponse
2026-05-02 19:47:18 [http-nio-9090-exec-5] INFO  com.customer.mapper.CustomerMapper - Mapping Customer entity to CustomerResponse
2026-05-02 19:47:24 [http-nio-9090-exec-6] INFO  c.c.controller.CustomerController - Entering updateKycStatus method with id: 6 and status: VERIFIED
2026-05-02 19:47:24 [http-nio-9090-exec-6] INFO  c.customer.service.CustomerService - Entering updateCustomerKycStatus with customerId: 6 and kycStatus: VERIFIED
2026-05-02 19:47:24 [http-nio-9090-exec-6] INFO  c.customer.service.CustomerService - Entering getCustomerById with customerId: 6
2026-05-02 19:47:24 [http-nio-9090-exec-6] INFO  c.customer.service.CustomerService - Customer KYC status updated for id: 6
2026-05-02 19:47:24 [http-nio-9090-exec-6] INFO  o.a.k.c.producer.ProducerConfig - ProducerConfig values: 
	acks = -1
	auto.include.jmx.reporter = true
	batch.size = 16384
	bootstrap.servers = [kafka:9092]
	buffer.memory = 33554432
	client.dns.lookup = use_all_dns_ips
	client.id = producer-1
	compression.type = none
	connections.max.idle.ms = 540000
	delivery.timeout.ms = 120000
	enable.idempotence = true
	interceptor.classes = []
	key.serializer = class org.apache.kafka.common.serialization.StringSerializer
	linger.ms = 0
	max.block.ms = 60000
	max.in.flight.requests.per.connection = 5
	max.request.size = 1048576
	metadata.max.age.ms = 300000
	metadata.max.idle.ms = 300000
	metric.reporters = []
	metrics.num.samples = 2
	metrics.recording.level = INFO
	metrics.sample.window.ms = 30000
	partitioner.adaptive.partitioning.enable = true
	partitioner.availability.timeout.ms = 0
	partitioner.class = null
	partitioner.ignore.keys = false
	receive.buffer.bytes = 32768
	reconnect.backoff.max.ms = 1000
	reconnect.backoff.ms = 50
	request.timeout.ms = 30000
	retries = 2147483647
	retry.backoff.ms = 100
	sasl.client.callback.handler.class = null
	sasl.jaas.config = null
	sasl.kerberos.kinit.cmd = /usr/bin/kinit
	sasl.kerberos.min.time.before.relogin = 60000
	sasl.kerberos.service.name = null
	sasl.kerberos.ticket.renew.jitter = 0.05
	sasl.kerberos.ticket.renew.window.factor = 0.8
	sasl.login.callback.handler.class = null
	sasl.login.class = null
	sasl.login.connect.timeout.ms = null
	sasl.login.read.timeout.ms = null
	sasl.login.refresh.buffer.seconds = 300
	sasl.login.refresh.min.period.seconds = 60
	sasl.login.refresh.window.factor = 0.8
	sasl.login.refresh.window.jitter = 0.05
	sasl.login.retry.backoff.max.ms = 10000
	sasl.login.retry.backoff.ms = 100
	sasl.mechanism = GSSAPI
	sasl.oauthbearer.clock.skew.seconds = 30
	sasl.oauthbearer.expected.audience = null
	sasl.oauthbearer.expected.issuer = null
	sasl.oauthbearer.jwks.endpoint.refresh.ms = 3600000
	sasl.oauthbearer.jwks.endpoint.retry.backoff.max.ms = 10000
	sasl.oauthbearer.jwks.endpoint.retry.backoff.ms = 100
	sasl.oauthbearer.jwks.endpoint.url = null
	sasl.oauthbearer.scope.claim.name = scope
	sasl.oauthbearer.sub.claim.name = sub
	sasl.oauthbearer.token.endpoint.url = null
	security.protocol = PLAINTEXT
	security.providers = null
	send.buffer.bytes = 131072
	socket.connection.setup.timeout.max.ms = 30000
	socket.connection.setup.timeout.ms = 10000
	ssl.cipher.suites = null
	ssl.enabled.protocols = [TLSv1.2, TLSv1.3]
	ssl.endpoint.identification.algorithm = https
	ssl.engine.factory.class = null
	ssl.key.password = null
	ssl.keymanager.algorithm = SunX509
	ssl.keystore.certificate.chain = null
	ssl.keystore.key = null
	ssl.keystore.location = null
	ssl.keystore.password = null
	ssl.keystore.type = JKS
	ssl.protocol = TLSv1.3
	ssl.provider = null
	ssl.secure.random.implementation = null
	ssl.trustmanager.algorithm = PKIX
	ssl.truststore.certificates = null
	ssl.truststore.location = null
	ssl.truststore.password = null
	ssl.truststore.type = JKS
	transaction.timeout.ms = 60000
	transactional.id = null
	value.serializer = class org.apache.kafka.common.serialization.StringSerializer

2026-05-02 19:47:25 [http-nio-9090-exec-6] INFO  o.a.k.clients.producer.KafkaProducer - [Producer clientId=producer-1] Instantiated an idempotent producer.
2026-05-02 19:47:25 [http-nio-9090-exec-6] INFO  o.a.kafka.common.utils.AppInfoParser - Kafka version: 3.6.2
2026-05-02 19:47:25 [http-nio-9090-exec-6] INFO  o.a.kafka.common.utils.AppInfoParser - Kafka commitId: c4deed513057c94e
2026-05-02 19:47:25 [http-nio-9090-exec-6] INFO  o.a.kafka.common.utils.AppInfoParser - Kafka startTimeMs: 1777751245195
2026-05-02 19:47:25 [kafka-producer-network-thread | producer-1] WARN  o.apache.kafka.clients.NetworkClient - [Producer clientId=producer-1] Error while fetching metadata with correlation id 1 : {customer-events=LEADER_NOT_AVAILABLE}
2026-05-02 19:47:25 [kafka-producer-network-thread | producer-1] INFO  org.apache.kafka.clients.Metadata - [Producer clientId=producer-1] Cluster ID: qW5_AgktQkGAaq17muzjAw
2026-05-02 19:47:25 [kafka-producer-network-thread | producer-1] INFO  o.a.k.c.p.i.TransactionManager - [Producer clientId=producer-1] ProducerId set to 0 with epoch 0
2026-05-02 19:47:25 [kafka-producer-network-thread | producer-1] WARN  o.apache.kafka.clients.NetworkClient - [Producer clientId=producer-1] Error while fetching metadata with correlation id 4 : {customer-events=LEADER_NOT_AVAILABLE}
2026-05-02 19:47:25 [kafka-producer-network-thread | producer-1] WARN  o.apache.kafka.clients.NetworkClient - [Producer clientId=producer-1] Error while fetching metadata with correlation id 5 : {customer-events=LEADER_NOT_AVAILABLE}
2026-05-02 19:47:26 [http-nio-9090-exec-6] INFO  c.c.service.CustomerEventProducer - Published KYC_STATUS_UPDATED to topic customer-events: {"eventId":"d3299124-2610-4ae1-86ed-6e0e41a1823a","eventType":"KYC_STATUS_UPDATED","customerId":6,"email":"raj.verma655@bankmail.in","name":"Raj Verma","kycStatus":"VERIFIED","timestamp":"2026-05-02T19:47:24.96929987"}
2026-05-02 19:47:26 [http-nio-9090-exec-6] INFO  c.c.controller.CustomerController - KYC status updated successfully
2026-05-02 19:47:26 [http-nio-9090-exec-6] INFO  com.customer.mapper.CustomerMapper - Mapping Customer entity to CustomerResponse
2026-05-02 19:47:26 [http-nio-9090-exec-7] INFO  c.c.controller.CustomerController - Entering getAllCustomers method
2026-05-02 19:47:26 [http-nio-9090-exec-7] INFO  c.customer.service.CustomerService - Entering getAllCustomers
2026-05-02 19:47:26 [http-nio-9090-exec-7] INFO  com.customer.mapper.CustomerMapper - Mapping Customer entity to CustomerResponse
2026-05-02 19:47:26 [http-nio-9090-exec-7] INFO  com.customer.mapper.CustomerMapper - Mapping Customer entity to CustomerResponse
2026-05-02 19:47:26 [http-nio-9090-exec-7] INFO  com.customer.mapper.CustomerMapper - Mapping Customer entity to CustomerResponse
2026-05-02 19:47:26 [http-nio-9090-exec-7] INFO  com.customer.mapper.CustomerMapper - Mapping Customer entity to CustomerResponse
2026-05-02 19:47:26 [http-nio-9090-exec-7] INFO  com.customer.mapper.CustomerMapper - Mapping Customer entity to CustomerResponse
2026-05-02 19:47:26 [http-nio-9090-exec-7] INFO  com.customer.mapper.CustomerMapper - Mapping Customer entity to CustomerResponse
2026-05-02 19:47:26 [http-nio-9090-exec-7] INFO  com.customer.mapper.CustomerMapper - Mapping Customer entity to CustomerResponse
2026-05-02 19:47:26 [http-nio-9090-exec-7] INFO  com.customer.mapper.CustomerMapper - Mapping Customer entity to CustomerResponse
2026-05-02 19:47:26 [http-nio-9090-exec-7] INFO  com.customer.mapper.CustomerMapper - Mapping Customer entity to CustomerResponse
2026-05-02 19:47:26 [http-nio-9090-exec-7] INFO  com.customer.mapper.CustomerMapper - Mapping Customer entity to CustomerResponse
2026-05-02 19:47:26 [http-nio-9090-exec-7] INFO  com.customer.mapper.CustomerMapper - Mapping Customer entity to CustomerResponse
2026-05-02 19:47:26 [http-nio-9090-exec-7] INFO  com.customer.mapper.CustomerMapper - Mapping Customer entity to CustomerResponse
2026-05-02 19:47:26 [http-nio-9090-exec-7] INFO  com.customer.mapper.CustomerMapper - Mapping Customer entity to CustomerResponse
2026-05-02 19:47:26 [http-nio-9090-exec-7] INFO  com.customer.mapper.CustomerMapper - Mapping Customer entity to CustomerResponse
2026-05-02 19:47:26 [http-nio-9090-exec-7] INFO  com.customer.mapper.CustomerMapper - Mapping Customer entity to CustomerResponse
2026-05-02 19:47:26 [http-nio-9090-exec-7] INFO  com.customer.mapper.CustomerMapper - Mapping Customer entity to CustomerResponse
2026-05-02 19:47:26 [http-nio-9090-exec-7] INFO  com.customer.mapper.CustomerMapper - Mapping Customer entity to CustomerResponse
2026-05-02 19:47:26 [http-nio-9090-exec-7] INFO  com.customer.mapper.CustomerMapper - Mapping Customer entity to CustomerResponse
2026-05-02 19:47:26 [http-nio-9090-exec-7] INFO  com.customer.mapper.CustomerMapper - Mapping Customer entity to CustomerResponse
2026-05-02 19:47:26 [http-nio-9090-exec-7] INFO  com.customer.mapper.CustomerMapper - Mapping Customer entity to CustomerResponse
2026-05-02 19:47:26 [http-nio-9090-exec-7] INFO  com.customer.mapper.CustomerMapper - Mapping Customer entity to CustomerResponse
2026-05-02 19:47:26 [http-nio-9090-exec-7] INFO  com.customer.mapper.CustomerMapper - Mapping Customer entity to CustomerResponse
2026-05-02 19:47:26 [http-nio-9090-exec-7] INFO  com.customer.mapper.CustomerMapper - Mapping Customer entity to CustomerResponse
2026-05-02 19:47:26 [http-nio-9090-exec-7] INFO  com.customer.mapper.CustomerMapper - Mapping Customer entity to CustomerResponse
2026-05-02 19:47:26 [http-nio-9090-exec-7] INFO  com.customer.mapper.CustomerMapper - Mapping Customer entity to CustomerResponse
2026-05-02 19:47:26 [http-nio-9090-exec-7] INFO  com.customer.mapper.CustomerMapper - Mapping Customer entity to CustomerResponse
2026-05-02 19:47:26 [http-nio-9090-exec-7] INFO  com.customer.mapper.CustomerMapper - Mapping Customer entity to CustomerResponse
2026-05-02 19:47:26 [http-nio-9090-exec-7] INFO  com.customer.mapper.CustomerMapper - Mapping Customer entity to CustomerResponse
2026-05-02 19:47:26 [http-nio-9090-exec-7] INFO  com.customer.mapper.CustomerMapper - Mapping Customer entity to CustomerResponse
2026-05-02 19:47:26 [http-nio-9090-exec-7] INFO  com.customer.mapper.CustomerMapper - Mapping Customer entity to CustomerResponse
2026-05-02 19:47:26 [http-nio-9090-exec-7] INFO  com.customer.mapper.CustomerMapper - Mapping Customer entity to CustomerResponse
2026-05-02 19:47:26 [http-nio-9090-exec-7] INFO  com.customer.mapper.CustomerMapper - Mapping Customer entity to CustomerResponse
2026-05-02 19:47:26 [http-nio-9090-exec-7] INFO  com.customer.mapper.CustomerMapper - Mapping Customer entity to CustomerResponse
2026-05-02 19:47:26 [http-nio-9090-exec-7] INFO  com.customer.mapper.CustomerMapper - Mapping Customer entity to CustomerResponse
2026-05-02 19:47:26 [http-nio-9090-exec-7] INFO  com.customer.mapper.CustomerMapper - Mapping Customer entity to CustomerResponse
2026-05-02 19:47:26 [http-nio-9090-exec-7] INFO  com.customer.mapper.CustomerMapper - Mapping Customer entity to CustomerResponse
2026-05-02 19:47:26 [http-nio-9090-exec-7] INFO  com.customer.mapper.CustomerMapper - Mapping Customer entity to CustomerResponse
2026-05-02 19:47:26 [http-nio-9090-exec-7] INFO  com.customer.mapper.CustomerMapper - Mapping Customer entity to CustomerResponse
2026-05-02 19:47:26 [http-nio-9090-exec-7] INFO  com.customer.mapper.CustomerMapper - Mapping Customer entity to CustomerResponse
2026-05-02 19:47:26 [http-nio-9090-exec-7] INFO  com.customer.mapper.CustomerMapper - Mapping Customer entity to CustomerResponse
2026-05-02 19:47:26 [http-nio-9090-exec-7] INFO  com.customer.mapper.CustomerMapper - Mapping Customer entity to CustomerResponse
2026-05-02 19:47:26 [http-nio-9090-exec-7] INFO  com.customer.mapper.CustomerMapper - Mapping Customer entity to CustomerResponse
2026-05-02 19:47:26 [http-nio-9090-exec-7] INFO  com.customer.mapper.CustomerMapper - Mapping Customer entity to CustomerResponse
2026-05-02 19:47:26 [http-nio-9090-exec-7] INFO  com.customer.mapper.CustomerMapper - Mapping Customer entity to CustomerResponse
2026-05-02 19:47:26 [http-nio-9090-exec-7] INFO  com.customer.mapper.CustomerMapper - Mapping Customer entity to CustomerResponse
2026-05-02 19:47:26 [http-nio-9090-exec-7] INFO  com.customer.mapper.CustomerMapper - Mapping Customer entity to CustomerResponse
2026-05-02 19:47:26 [http-nio-9090-exec-7] INFO  com.customer.mapper.CustomerMapper - Mapping Customer entity to CustomerResponse
2026-05-02 19:47:26 [http-nio-9090-exec-7] INFO  com.customer.mapper.CustomerMapper - Mapping Customer entity to CustomerResponse
2026-05-02 19:47:26 [http-nio-9090-exec-7] INFO  com.customer.mapper.CustomerMapper - Mapping Customer entity to CustomerResponse
2026-05-02 19:47:26 [http-nio-9090-exec-7] INFO  com.customer.mapper.CustomerMapper - Mapping Customer entity to CustomerResponse
2026-05-02 19:47:26 [http-nio-9090-exec-7] INFO  com.customer.mapper.CustomerMapper - Mapping Customer entity to CustomerResponse
2026-05-02 19:47:26 [http-nio-9090-exec-7] INFO  com.customer.mapper.CustomerMapper - Mapping Customer entity to CustomerResponse
2026-05-02 19:47:26 [http-nio-9090-exec-7] INFO  com.customer.mapper.CustomerMapper - Mapping Customer entity to CustomerResponse
2026-05-02 19:47:26 [http-nio-9090-exec-7] INFO  com.customer.mapper.CustomerMapper - Mapping Customer entity to CustomerResponse
2026-05-02 19:47:26 [http-nio-9090-exec-7] INFO  com.customer.mapper.CustomerMapper - Mapping Customer entity to CustomerResponse
2026-05-02 19:47:26 [http-nio-9090-exec-7] INFO  com.customer.mapper.CustomerMapper - Mapping Customer entity to CustomerResponse
2026-05-02 19:47:26 [http-nio-9090-exec-7] INFO  com.customer.mapper.CustomerMapper - Mapping Customer entity to CustomerResponse
2026-05-02 19:47:26 [http-nio-9090-exec-7] INFO  com.customer.mapper.CustomerMapper - Mapping Customer entity to CustomerResponse
2026-05-02 19:47:26 [http-nio-9090-exec-7] INFO  com.customer.mapper.CustomerMapper - Mapping Customer entity to CustomerResponse
2026-05-02 19:47:26 [http-nio-9090-exec-7] INFO  com.customer.mapper.CustomerMapper - Mapping Customer entity to CustomerResponse
2026-05-02 19:47:31 [http-nio-9090-exec-8] INFO  c.c.controller.CustomerController - Entering updateKycStatus method with id: 8 and status: VERIFIED
2026-05-02 19:47:31 [http-nio-9090-exec-8] INFO  c.customer.service.CustomerService - Entering updateCustomerKycStatus with customerId: 8 and kycStatus: VERIFIED
2026-05-02 19:47:31 [http-nio-9090-exec-8] INFO  c.customer.service.CustomerService - Entering getCustomerById with customerId: 8
2026-05-02 19:47:31 [http-nio-9090-exec-8] INFO  c.customer.service.CustomerService - Customer KYC status updated for id: 8
2026-05-02 19:47:31 [http-nio-9090-exec-8] INFO  c.c.service.CustomerEventProducer - Published KYC_STATUS_UPDATED to topic customer-events: {"eventId":"b481c32c-123f-4892-991f-e86621316398","eventType":"KYC_STATUS_UPDATED","customerId":8,"email":"ira.mukherjee76@inbox.com","name":"Ira Mukherjee","kycStatus":"VERIFIED","timestamp":"2026-05-02T19:47:31.159053783"}
2026-05-02 19:47:31 [http-nio-9090-exec-8] INFO  c.c.controller.CustomerController - KYC status updated successfully
2026-05-02 19:47:31 [http-nio-9090-exec-8] INFO  com.customer.mapper.CustomerMapper - Mapping Customer entity to CustomerResponse
2026-05-02 19:47:31 [http-nio-9090-exec-9] INFO  c.c.controller.CustomerController - Entering getAllCustomers method
2026-05-02 19:47:31 [http-nio-9090-exec-9] INFO  c.customer.service.CustomerService - Entering getAllCustomers
2026-05-02 19:47:31 [http-nio-9090-exec-9] INFO  com.customer.mapper.CustomerMapper - Mapping Customer entity to CustomerResponse
2026-05-02 19:47:31 [http-nio-9090-exec-9] INFO  com.customer.mapper.CustomerMapper - Mapping Customer entity to CustomerResponse
2026-05-02 19:47:31 [http-nio-9090-exec-9] INFO  com.customer.mapper.CustomerMapper - Mapping Customer entity to CustomerResponse
2026-05-02 19:47:31 [http-nio-9090-exec-9] INFO  com.customer.mapper.CustomerMapper - Mapping Customer entity to CustomerResponse
2026-05-02 19:47:31 [http-nio-9090-exec-9] INFO  com.customer.mapper.CustomerMapper - Mapping Customer entity to CustomerResponse
2026-05-02 19:47:31 [http-nio-9090-exec-9] INFO  com.customer.mapper.CustomerMapper - Mapping Customer entity to CustomerResponse
2026-05-02 19:47:31 [http-nio-9090-exec-9] INFO  com.customer.mapper.CustomerMapper - Mapping Customer entity to CustomerResponse
2026-05-02 19:47:31 [http-nio-9090-exec-9] INFO  com.customer.mapper.CustomerMapper - Mapping Customer entity to CustomerResponse
2026-05-02 19:47:31 [http-nio-9090-exec-9] INFO  com.customer.mapper.CustomerMapper - Mapping Customer entity to CustomerResponse
2026-05-02 19:47:31 [http-nio-9090-exec-9] INFO  com.customer.mapper.CustomerMapper - Mapping Customer entity to CustomerResponse
2026-05-02 19:47:31 [http-nio-9090-exec-9] INFO  com.customer.mapper.CustomerMapper - Mapping Customer entity to CustomerResponse
2026-05-02 19:47:31 [http-nio-9090-exec-9] INFO  com.customer.mapper.CustomerMapper - Mapping Customer entity to CustomerResponse
2026-05-02 19:47:31 [http-nio-9090-exec-9] INFO  com.customer.mapper.CustomerMapper - Mapping Customer entity to CustomerResponse
2026-05-02 19:47:31 [http-nio-9090-exec-9] INFO  com.customer.mapper.CustomerMapper - Mapping Customer entity to CustomerResponse
2026-05-02 19:47:31 [http-nio-9090-exec-9] INFO  com.customer.mapper.CustomerMapper - Mapping Customer entity to CustomerResponse
2026-05-02 19:47:31 [http-nio-9090-exec-9] INFO  com.customer.mapper.CustomerMapper - Mapping Customer entity to CustomerResponse
2026-05-02 19:47:31 [http-nio-9090-exec-9] INFO  com.customer.mapper.CustomerMapper - Mapping Customer entity to CustomerResponse
2026-05-02 19:47:31 [http-nio-9090-exec-9] INFO  com.customer.mapper.CustomerMapper - Mapping Customer entity to CustomerResponse
2026-05-02 19:47:31 [http-nio-9090-exec-9] INFO  com.customer.mapper.CustomerMapper - Mapping Customer entity to CustomerResponse
2026-05-02 19:47:31 [http-nio-9090-exec-9] INFO  com.customer.mapper.CustomerMapper - Mapping Customer entity to CustomerResponse
2026-05-02 19:47:31 [http-nio-9090-exec-9] INFO  com.customer.mapper.CustomerMapper - Mapping Customer entity to CustomerResponse
2026-05-02 19:47:31 [http-nio-9090-exec-9] INFO  com.customer.mapper.CustomerMapper - Mapping Customer entity to CustomerResponse
2026-05-02 19:47:31 [http-nio-9090-exec-9] INFO  com.customer.mapper.CustomerMapper - Mapping Customer entity to CustomerResponse
2026-05-02 19:47:31 [http-nio-9090-exec-9] INFO  com.customer.mapper.CustomerMapper - Mapping Customer entity to CustomerResponse
2026-05-02 19:47:31 [http-nio-9090-exec-9] INFO  com.customer.mapper.CustomerMapper - Mapping Customer entity to CustomerResponse
2026-05-02 19:47:31 [http-nio-9090-exec-9] INFO  com.customer.mapper.CustomerMapper - Mapping Customer entity to CustomerResponse
2026-05-02 19:47:31 [http-nio-9090-exec-9] INFO  com.customer.mapper.CustomerMapper - Mapping Customer entity to CustomerResponse
2026-05-02 19:47:31 [http-nio-9090-exec-9] INFO  com.customer.mapper.CustomerMapper - Mapping Customer entity to CustomerResponse
2026-05-02 19:47:31 [http-nio-9090-exec-9] INFO  com.customer.mapper.CustomerMapper - Mapping Customer entity to CustomerResponse
2026-05-02 19:47:31 [http-nio-9090-exec-9] INFO  com.customer.mapper.CustomerMapper - Mapping Customer entity to CustomerResponse
2026-05-02 19:47:31 [http-nio-9090-exec-9] INFO  com.customer.mapper.CustomerMapper - Mapping Customer entity to CustomerResponse
2026-05-02 19:47:31 [http-nio-9090-exec-9] INFO  com.customer.mapper.CustomerMapper - Mapping Customer entity to CustomerResponse
2026-05-02 19:47:31 [http-nio-9090-exec-9] INFO  com.customer.mapper.CustomerMapper - Mapping Customer entity to CustomerResponse
2026-05-02 19:47:31 [http-nio-9090-exec-9] INFO  com.customer.mapper.CustomerMapper - Mapping Customer entity to CustomerResponse
2026-05-02 19:47:31 [http-nio-9090-exec-9] INFO  com.customer.mapper.CustomerMapper - Mapping Customer entity to CustomerResponse
2026-05-02 19:47:31 [http-nio-9090-exec-9] INFO  com.customer.mapper.CustomerMapper - Mapping Customer entity to CustomerResponse
2026-05-02 19:47:31 [http-nio-9090-exec-9] INFO  com.customer.mapper.CustomerMapper - Mapping Customer entity to CustomerResponse
2026-05-02 19:47:31 [http-nio-9090-exec-9] INFO  com.customer.mapper.CustomerMapper - Mapping Customer entity to CustomerResponse
2026-05-02 19:47:31 [http-nio-9090-exec-9] INFO  com.customer.mapper.CustomerMapper - Mapping Customer entity to CustomerResponse
2026-05-02 19:47:31 [http-nio-9090-exec-9] INFO  com.customer.mapper.CustomerMapper - Mapping Customer entity to CustomerResponse
2026-05-02 19:47:31 [http-nio-9090-exec-9] INFO  com.customer.mapper.CustomerMapper - Mapping Customer entity to CustomerResponse
2026-05-02 19:47:31 [http-nio-9090-exec-9] INFO  com.customer.mapper.CustomerMapper - Mapping Customer entity to CustomerResponse
2026-05-02 19:47:31 [http-nio-9090-exec-9] INFO  com.customer.mapper.CustomerMapper - Mapping Customer entity to CustomerResponse
2026-05-02 19:47:31 [http-nio-9090-exec-9] INFO  com.customer.mapper.CustomerMapper - Mapping Customer entity to CustomerResponse
2026-05-02 19:47:31 [http-nio-9090-exec-9] INFO  com.customer.mapper.CustomerMapper - Mapping Customer entity to CustomerResponse
2026-05-02 19:47:31 [http-nio-9090-exec-9] INFO  com.customer.mapper.CustomerMapper - Mapping Customer entity to CustomerResponse
2026-05-02 19:47:31 [http-nio-9090-exec-9] INFO  com.customer.mapper.CustomerMapper - Mapping Customer entity to CustomerResponse
2026-05-02 19:47:31 [http-nio-9090-exec-9] INFO  com.customer.mapper.CustomerMapper - Mapping Customer entity to CustomerResponse
2026-05-02 19:47:31 [http-nio-9090-exec-9] INFO  com.customer.mapper.CustomerMapper - Mapping Customer entity to CustomerResponse
2026-05-02 19:47:31 [http-nio-9090-exec-9] INFO  com.customer.mapper.CustomerMapper - Mapping Customer entity to CustomerResponse
2026-05-02 19:47:31 [http-nio-9090-exec-9] INFO  com.customer.mapper.CustomerMapper - Mapping Customer entity to CustomerResponse
2026-05-02 19:47:31 [http-nio-9090-exec-9] INFO  com.customer.mapper.CustomerMapper - Mapping Customer entity to CustomerResponse
2026-05-02 19:47:31 [http-nio-9090-exec-9] INFO  com.customer.mapper.CustomerMapper - Mapping Customer entity to CustomerResponse
2026-05-02 19:47:31 [http-nio-9090-exec-9] INFO  com.customer.mapper.CustomerMapper - Mapping Customer entity to CustomerResponse
2026-05-02 19:47:31 [http-nio-9090-exec-9] INFO  com.customer.mapper.CustomerMapper - Mapping Customer entity to CustomerResponse
2026-05-02 19:47:31 [http-nio-9090-exec-9] INFO  com.customer.mapper.CustomerMapper - Mapping Customer entity to CustomerResponse
2026-05-02 19:47:31 [http-nio-9090-exec-9] INFO  com.customer.mapper.CustomerMapper - Mapping Customer entity to CustomerResponse
2026-05-02 19:47:31 [http-nio-9090-exec-9] INFO  com.customer.mapper.CustomerMapper - Mapping Customer entity to CustomerResponse
2026-05-02 19:47:31 [http-nio-9090-exec-9] INFO  com.customer.mapper.CustomerMapper - Mapping Customer entity to CustomerResponse
2026-05-02 19:47:31 [http-nio-9090-exec-9] INFO  com.customer.mapper.CustomerMapper - Mapping Customer entity to CustomerResponse
2026-05-02 19:49:57 [http-nio-9090-exec-3] INFO  c.c.controller.CustomerController - Entering getAllCustomers method
2026-05-02 19:49:57 [http-nio-9090-exec-3] INFO  c.customer.service.CustomerService - Entering getAllCustomers
2026-05-02 19:49:57 [http-nio-9090-exec-3] INFO  com.customer.mapper.CustomerMapper - Mapping Customer entity to CustomerResponse
2026-05-02 19:49:57 [http-nio-9090-exec-3] INFO  com.customer.mapper.CustomerMapper - Mapping Customer entity to CustomerResponse
2026-05-02 19:49:57 [http-nio-9090-exec-3] INFO  com.customer.mapper.CustomerMapper - Mapping Customer entity to CustomerResponse
2026-05-02 19:49:57 [http-nio-9090-exec-3] INFO  com.customer.mapper.CustomerMapper - Mapping Customer entity to CustomerResponse
2026-05-02 19:49:57 [http-nio-9090-exec-3] INFO  com.customer.mapper.CustomerMapper - Mapping Customer entity to CustomerResponse
2026-05-02 19:49:57 [http-nio-9090-exec-3] INFO  com.customer.mapper.CustomerMapper - Mapping Customer entity to CustomerResponse
2026-05-02 19:49:57 [http-nio-9090-exec-3] INFO  com.customer.mapper.CustomerMapper - Mapping Customer entity to CustomerResponse
2026-05-02 19:49:57 [http-nio-9090-exec-3] INFO  com.customer.mapper.CustomerMapper - Mapping Customer entity to CustomerResponse
2026-05-02 19:49:57 [http-nio-9090-exec-3] INFO  com.customer.mapper.CustomerMapper - Mapping Customer entity to CustomerResponse
2026-05-02 19:49:57 [http-nio-9090-exec-3] INFO  com.customer.mapper.CustomerMapper - Mapping Customer entity to CustomerResponse
2026-05-02 19:49:57 [http-nio-9090-exec-3] INFO  com.customer.mapper.CustomerMapper - Mapping Customer entity to CustomerResponse
2026-05-02 19:49:57 [http-nio-9090-exec-3] INFO  com.customer.mapper.CustomerMapper - Mapping Customer entity to CustomerResponse
2026-05-02 19:49:57 [http-nio-9090-exec-3] INFO  com.customer.mapper.CustomerMapper - Mapping Customer entity to CustomerResponse
2026-05-02 19:49:57 [http-nio-9090-exec-3] INFO  com.customer.mapper.CustomerMapper - Mapping Customer entity to CustomerResponse
2026-05-02 19:49:57 [http-nio-9090-exec-3] INFO  com.customer.mapper.CustomerMapper - Mapping Customer entity to CustomerResponse
2026-05-02 19:49:57 [http-nio-9090-exec-3] INFO  com.customer.mapper.CustomerMapper - Mapping Customer entity to CustomerResponse
2026-05-02 19:49:57 [http-nio-9090-exec-3] INFO  com.customer.mapper.CustomerMapper - Mapping Customer entity to CustomerResponse
2026-05-02 19:49:57 [http-nio-9090-exec-3] INFO  com.customer.mapper.CustomerMapper - Mapping Customer entity to CustomerResponse
2026-05-02 19:49:57 [http-nio-9090-exec-3] INFO  com.customer.mapper.CustomerMapper - Mapping Customer entity to CustomerResponse
2026-05-02 19:49:57 [http-nio-9090-exec-3] INFO  com.customer.mapper.CustomerMapper - Mapping Customer entity to CustomerResponse
2026-05-02 19:49:57 [http-nio-9090-exec-3] INFO  com.customer.mapper.CustomerMapper - Mapping Customer entity to CustomerResponse
2026-05-02 19:49:57 [http-nio-9090-exec-3] INFO  com.customer.mapper.CustomerMapper - Mapping Customer entity to CustomerResponse
2026-05-02 19:49:57 [http-nio-9090-exec-3] INFO  com.customer.mapper.CustomerMapper - Mapping Customer entity to CustomerResponse
2026-05-02 19:49:57 [http-nio-9090-exec-3] INFO  com.customer.mapper.CustomerMapper - Mapping Customer entity to CustomerResponse
2026-05-02 19:49:57 [http-nio-9090-exec-3] INFO  com.customer.mapper.CustomerMapper - Mapping Customer entity to CustomerResponse
2026-05-02 19:49:57 [http-nio-9090-exec-3] INFO  com.customer.mapper.CustomerMapper - Mapping Customer entity to CustomerResponse
2026-05-02 19:49:57 [http-nio-9090-exec-3] INFO  com.customer.mapper.CustomerMapper - Mapping Customer entity to CustomerResponse
2026-05-02 19:49:57 [http-nio-9090-exec-3] INFO  com.customer.mapper.CustomerMapper - Mapping Customer entity to CustomerResponse
2026-05-02 19:49:57 [http-nio-9090-exec-3] INFO  com.customer.mapper.CustomerMapper - Mapping Customer entity to CustomerResponse
2026-05-02 19:49:57 [http-nio-9090-exec-3] INFO  com.customer.mapper.CustomerMapper - Mapping Customer entity to CustomerResponse
2026-05-02 19:49:57 [http-nio-9090-exec-3] INFO  com.customer.mapper.CustomerMapper - Mapping Customer entity to CustomerResponse
2026-05-02 19:49:57 [http-nio-9090-exec-3] INFO  com.customer.mapper.CustomerMapper - Mapping Customer entity to CustomerResponse
2026-05-02 19:49:57 [http-nio-9090-exec-3] INFO  com.customer.mapper.CustomerMapper - Mapping Customer entity to CustomerResponse
2026-05-02 19:49:57 [http-nio-9090-exec-3] INFO  com.customer.mapper.CustomerMapper - Mapping Customer entity to CustomerResponse
2026-05-02 19:49:57 [http-nio-9090-exec-3] INFO  com.customer.mapper.CustomerMapper - Mapping Customer entity to CustomerResponse
2026-05-02 19:49:57 [http-nio-9090-exec-3] INFO  com.customer.mapper.CustomerMapper - Mapping Customer entity to CustomerResponse
2026-05-02 19:49:57 [http-nio-9090-exec-3] INFO  com.customer.mapper.CustomerMapper - Mapping Customer entity to CustomerResponse
2026-05-02 19:49:57 [http-nio-9090-exec-3] INFO  com.customer.mapper.CustomerMapper - Mapping Customer entity to CustomerResponse
2026-05-02 19:49:57 [http-nio-9090-exec-3] INFO  com.customer.mapper.CustomerMapper - Mapping Customer entity to CustomerResponse
2026-05-02 19:49:57 [http-nio-9090-exec-3] INFO  com.customer.mapper.CustomerMapper - Mapping Customer entity to CustomerResponse
2026-05-02 19:49:57 [http-nio-9090-exec-3] INFO  com.customer.mapper.CustomerMapper - Mapping Customer entity to CustomerResponse
2026-05-02 19:49:57 [http-nio-9090-exec-3] INFO  com.customer.mapper.CustomerMapper - Mapping Customer entity to CustomerResponse
2026-05-02 19:49:57 [http-nio-9090-exec-3] INFO  com.customer.mapper.CustomerMapper - Mapping Customer entity to CustomerResponse
2026-05-02 19:49:57 [http-nio-9090-exec-3] INFO  com.customer.mapper.CustomerMapper - Mapping Customer entity to CustomerResponse
2026-05-02 19:49:57 [http-nio-9090-exec-3] INFO  com.customer.mapper.CustomerMapper - Mapping Customer entity to CustomerResponse
2026-05-02 19:49:57 [http-nio-9090-exec-3] INFO  com.customer.mapper.CustomerMapper - Mapping Customer entity to CustomerResponse
2026-05-02 19:49:57 [http-nio-9090-exec-3] INFO  com.customer.mapper.CustomerMapper - Mapping Customer entity to CustomerResponse
2026-05-02 19:49:57 [http-nio-9090-exec-3] INFO  com.customer.mapper.CustomerMapper - Mapping Customer entity to CustomerResponse
2026-05-02 19:49:57 [http-nio-9090-exec-3] INFO  com.customer.mapper.CustomerMapper - Mapping Customer entity to CustomerResponse
2026-05-02 19:49:57 [http-nio-9090-exec-3] INFO  com.customer.mapper.CustomerMapper - Mapping Customer entity to CustomerResponse
2026-05-02 19:49:57 [http-nio-9090-exec-3] INFO  com.customer.mapper.CustomerMapper - Mapping Customer entity to CustomerResponse
2026-05-02 19:49:57 [http-nio-9090-exec-3] INFO  com.customer.mapper.CustomerMapper - Mapping Customer entity to CustomerResponse
2026-05-02 19:49:57 [http-nio-9090-exec-3] INFO  com.customer.mapper.CustomerMapper - Mapping Customer entity to CustomerResponse
2026-05-02 19:49:57 [http-nio-9090-exec-3] INFO  com.customer.mapper.CustomerMapper - Mapping Customer entity to CustomerResponse
2026-05-02 19:49:57 [http-nio-9090-exec-3] INFO  com.customer.mapper.CustomerMapper - Mapping Customer entity to CustomerResponse
2026-05-02 19:49:57 [http-nio-9090-exec-3] INFO  com.customer.mapper.CustomerMapper - Mapping Customer entity to CustomerResponse
2026-05-02 19:49:57 [http-nio-9090-exec-3] INFO  com.customer.mapper.CustomerMapper - Mapping Customer entity to CustomerResponse
2026-05-02 19:49:57 [http-nio-9090-exec-3] INFO  com.customer.mapper.CustomerMapper - Mapping Customer entity to CustomerResponse
2026-05-02 19:49:57 [http-nio-9090-exec-3] INFO  com.customer.mapper.CustomerMapper - Mapping Customer entity to CustomerResponse
2026-05-02 19:49:57 [http-nio-9090-exec-3] INFO  com.customer.mapper.CustomerMapper - Mapping Customer entity to CustomerResponse
2026-05-02 19:50:18 [http-nio-9090-exec-1] DEBUG com.customer.dto.CustomerRequest - Setting name to: Naseeruddin
2026-05-02 19:50:18 [http-nio-9090-exec-1] DEBUG com.customer.dto.CustomerRequest - Setting email to: naseer@example.com
2026-05-02 19:50:18 [http-nio-9090-exec-1] DEBUG com.customer.dto.CustomerRequest - Setting phone to: 9876543210
2026-05-02 19:50:19 [http-nio-9090-exec-1] INFO  c.c.controller.CustomerController - Entering createCustomer method
2026-05-02 19:50:19 [http-nio-9090-exec-1] INFO  com.customer.mapper.CustomerMapper - Mapping CustomerRequest to Customer entity
2026-05-02 19:50:19 [http-nio-9090-exec-1] INFO  c.customer.service.CustomerService - Entering createCustomer with customer: Customer(id=null, name=Naseeruddin, email=naseer@example.com, phone=9876543210, kycStatus=null, createdAt=null)
2026-05-02 19:50:19 [http-nio-9090-exec-1] INFO  c.customer.service.CustomerService - Customer created with id: 61
2026-05-02 19:50:19 [http-nio-9090-exec-1] INFO  c.c.service.CustomerEventProducer - Published CUSTOMER_CREATED to topic customer-events: {"eventId":"785c6432-c6b7-4ccf-a249-6d99268eb67d","eventType":"CUSTOMER_CREATED","customerId":61,"email":"naseer@example.com","name":"Naseeruddin","kycStatus":"PENDING","timestamp":"2026-05-02T19:50:19.061062319"}
2026-05-02 19:50:19 [http-nio-9090-exec-1] INFO  c.c.controller.CustomerController - Customer created successfully
2026-05-02 19:50:19 [http-nio-9090-exec-1] INFO  com.customer.mapper.CustomerMapper - Mapping Customer entity to CustomerResponse
2026-05-02 19:50:37 [http-nio-9090-exec-4] INFO  c.c.controller.CustomerController - Entering updateKycStatus method with id: 1 and status: VERIFIED
2026-05-02 19:50:37 [http-nio-9090-exec-4] INFO  c.customer.service.CustomerService - Entering updateCustomerKycStatus with customerId: 1 and kycStatus: VERIFIED
2026-05-02 19:50:37 [http-nio-9090-exec-4] INFO  c.customer.service.CustomerService - Entering getCustomerById with customerId: 1
2026-05-02 19:50:37 [http-nio-9090-exec-4] INFO  c.customer.service.CustomerService - Customer KYC status updated for id: 1
2026-05-02 19:50:37 [http-nio-9090-exec-4] INFO  c.c.service.CustomerEventProducer - Published KYC_STATUS_UPDATED to topic customer-events: {"eventId":"a2bacf04-c258-4265-aba7-8e368d18cfdc","eventType":"KYC_STATUS_UPDATED","customerId":1,"email":"vivaan.khan90@inbox.com","name":"Vivaan Khan","kycStatus":"VERIFIED","timestamp":"2026-05-02T19:50:37.314712094"}
2026-05-02 19:50:37 [http-nio-9090-exec-4] INFO  c.c.controller.CustomerController - KYC status updated successfully
2026-05-02 19:50:37 [http-nio-9090-exec-4] INFO  com.customer.mapper.CustomerMapper - Mapping Customer entity to CustomerResponse
2026-05-02 19:51:34 [http-nio-9090-exec-5] ERROR c.c.exception.GlobalExceptionHandler - Handling global exception: No static resource api/v1/customers/1.
org.springframework.web.servlet.resource.NoResourceFoundException: No static resource api/v1/customers/1.
	at org.springframework.web.servlet.resource.ResourceHttpRequestHandler.handleRequest(ResourceHttpRequestHandler.java:585)
	at org.springframework.web.servlet.mvc.HttpRequestHandlerAdapter.handle(HttpRequestHandlerAdapter.java:52)
	at org.springframework.web.servlet.DispatcherServlet.doDispatch(DispatcherServlet.java:1089)
	at org.springframework.web.servlet.DispatcherServlet.doService(DispatcherServlet.java:979)
	at org.springframework.web.servlet.FrameworkServlet.processRequest(FrameworkServlet.java:1014)
	at org.springframework.web.servlet.FrameworkServlet.service(FrameworkServlet.java:888)
	at jakarta.servlet.http.HttpServlet.service(HttpServlet.java:658)
	at org.apache.catalina.core.ApplicationFilterChain.internalDoFilter(ApplicationFilterChain.java:206)
	at org.apache.catalina.core.ApplicationFilterChain.doFilter(ApplicationFilterChain.java:150)
	at org.apache.tomcat.websocket.server.WsFilter.doFilter(WsFilter.java:51)
	at org.apache.catalina.core.ApplicationFilterChain.internalDoFilter(ApplicationFilterChain.java:175)
	at org.apache.catalina.core.ApplicationFilterChain.doFilter(ApplicationFilterChain.java:150)
	at org.springframework.web.filter.RequestContextFilter.doFilterInternal(RequestContextFilter.java:100)
	at org.springframework.web.filter.OncePerRequestFilter.doFilter(OncePerRequestFilter.java:116)
	at org.apache.catalina.core.ApplicationFilterChain.internalDoFilter(ApplicationFilterChain.java:175)
	at org.apache.catalina.core.ApplicationFilterChain.doFilter(ApplicationFilterChain.java:150)
	at org.springframework.web.filter.FormContentFilter.doFilterInternal(FormContentFilter.java:93)
	at org.springframework.web.filter.OncePerRequestFilter.doFilter(OncePerRequestFilter.java:116)
	at org.apache.catalina.core.ApplicationFilterChain.internalDoFilter(ApplicationFilterChain.java:175)
	at org.apache.catalina.core.ApplicationFilterChain.doFilter(ApplicationFilterChain.java:150)
	at org.springframework.web.filter.CharacterEncodingFilter.doFilterInternal(CharacterEncodingFilter.java:201)
	at org.springframework.web.filter.OncePerRequestFilter.doFilter(OncePerRequestFilter.java:116)
	at org.apache.catalina.core.ApplicationFilterChain.internalDoFilter(ApplicationFilterChain.java:175)
	at org.apache.catalina.core.ApplicationFilterChain.doFilter(ApplicationFilterChain.java:150)
	at org.apache.catalina.core.StandardWrapperValve.invoke(StandardWrapperValve.java:167)
	at org.apache.catalina.core.StandardContextValve.invoke(StandardContextValve.java:90)
	at org.apache.catalina.authenticator.AuthenticatorBase.invoke(AuthenticatorBase.java:482)
	at org.apache.catalina.core.StandardHostValve.invoke(StandardHostValve.java:115)
	at org.apache.catalina.valves.ErrorReportValve.invoke(ErrorReportValve.java:93)
	at org.apache.catalina.core.StandardEngineValve.invoke(StandardEngineValve.java:74)
	at org.apache.catalina.connector.CoyoteAdapter.service(CoyoteAdapter.java:344)
	at org.apache.coyote.http11.Http11Processor.service(Http11Processor.java:391)
	at org.apache.coyote.AbstractProcessorLight.process(AbstractProcessorLight.java:63)
	at org.apache.coyote.AbstractProtocol$ConnectionHandler.process(AbstractProtocol.java:896)
	at org.apache.tomcat.util.net.NioEndpoint$SocketProcessor.doRun(NioEndpoint.java:1736)
	at org.apache.tomcat.util.net.SocketProcessorBase.run(SocketProcessorBase.java:52)
	at org.apache.tomcat.util.threads.ThreadPoolExecutor.runWorker(ThreadPoolExecutor.java:1191)
	at org.apache.tomcat.util.threads.ThreadPoolExecutor$Worker.run(ThreadPoolExecutor.java:659)
	at org.apache.tomcat.util.threads.TaskThread$WrappingRunnable.run(TaskThread.java:63)
	at java.base/java.lang.Thread.run(Unknown Source)
2026-05-02 19:51:42 [http-nio-9090-exec-7] ERROR c.c.exception.GlobalExceptionHandler - Handling global exception: Request method 'PATCH' is not supported
org.springframework.web.HttpRequestMethodNotSupportedException: Request method 'PATCH' is not supported
	at org.springframework.web.servlet.mvc.method.RequestMappingInfoHandlerMapping.handleNoMatch(RequestMappingInfoHandlerMapping.java:267)
	at org.springframework.web.servlet.handler.AbstractHandlerMethodMapping.lookupHandlerMethod(AbstractHandlerMethodMapping.java:441)
	at org.springframework.web.servlet.handler.AbstractHandlerMethodMapping.getHandlerInternal(AbstractHandlerMethodMapping.java:382)
	at org.springframework.web.servlet.mvc.method.RequestMappingInfoHandlerMapping.getHandlerInternal(RequestMappingInfoHandlerMapping.java:127)
	at org.springframework.web.servlet.mvc.method.RequestMappingInfoHandlerMapping.getHandlerInternal(RequestMappingInfoHandlerMapping.java:68)
	at org.springframework.web.servlet.handler.AbstractHandlerMapping.getHandler(AbstractHandlerMapping.java:507)
	at org.springframework.web.servlet.DispatcherServlet.getHandler(DispatcherServlet.java:1283)
	at org.springframework.web.servlet.DispatcherServlet.doDispatch(DispatcherServlet.java:1065)
	at org.springframework.web.servlet.DispatcherServlet.doService(DispatcherServlet.java:979)
	at org.springframework.web.servlet.FrameworkServlet.processRequest(FrameworkServlet.java:1014)
	at org.springframework.web.servlet.FrameworkServlet.service(FrameworkServlet.java:888)
	at jakarta.servlet.http.HttpServlet.service(HttpServlet.java:658)
	at org.apache.catalina.core.ApplicationFilterChain.internalDoFilter(ApplicationFilterChain.java:206)
	at org.apache.catalina.core.ApplicationFilterChain.doFilter(ApplicationFilterChain.java:150)
	at org.apache.tomcat.websocket.server.WsFilter.doFilter(WsFilter.java:51)
	at org.apache.catalina.core.ApplicationFilterChain.internalDoFilter(ApplicationFilterChain.java:175)
	at org.apache.catalina.core.ApplicationFilterChain.doFilter(ApplicationFilterChain.java:150)
	at org.springframework.web.filter.RequestContextFilter.doFilterInternal(RequestContextFilter.java:100)
	at org.springframework.web.filter.OncePerRequestFilter.doFilter(OncePerRequestFilter.java:116)
	at org.apache.catalina.core.ApplicationFilterChain.internalDoFilter(ApplicationFilterChain.java:175)
	at org.apache.catalina.core.ApplicationFilterChain.doFilter(ApplicationFilterChain.java:150)
	at org.springframework.web.filter.FormContentFilter.doFilterInternal(FormContentFilter.java:93)
	at org.springframework.web.filter.OncePerRequestFilter.doFilter(OncePerRequestFilter.java:116)
	at org.apache.catalina.core.ApplicationFilterChain.internalDoFilter(ApplicationFilterChain.java:175)
	at org.apache.catalina.core.ApplicationFilterChain.doFilter(ApplicationFilterChain.java:150)
	at org.springframework.web.filter.CharacterEncodingFilter.doFilterInternal(CharacterEncodingFilter.java:201)
	at org.springframework.web.filter.OncePerRequestFilter.doFilter(OncePerRequestFilter.java:116)
	at org.apache.catalina.core.ApplicationFilterChain.internalDoFilter(ApplicationFilterChain.java:175)
	at org.apache.catalina.core.ApplicationFilterChain.doFilter(ApplicationFilterChain.java:150)
	at org.apache.catalina.core.StandardWrapperValve.invoke(StandardWrapperValve.java:167)
	at org.apache.catalina.core.StandardContextValve.invoke(StandardContextValve.java:90)
	at org.apache.catalina.authenticator.AuthenticatorBase.invoke(AuthenticatorBase.java:482)
	at org.apache.catalina.core.StandardHostValve.invoke(StandardHostValve.java:115)
	at org.apache.catalina.valves.ErrorReportValve.invoke(ErrorReportValve.java:93)
	at org.apache.catalina.core.StandardEngineValve.invoke(StandardEngineValve.java:74)
	at org.apache.catalina.connector.CoyoteAdapter.service(CoyoteAdapter.java:344)
	at org.apache.coyote.http11.Http11Processor.service(Http11Processor.java:391)
	at org.apache.coyote.AbstractProcessorLight.process(AbstractProcessorLight.java:63)
	at org.apache.coyote.AbstractProtocol$ConnectionHandler.process(AbstractProtocol.java:896)
	at org.apache.tomcat.util.net.NioEndpoint$SocketProcessor.doRun(NioEndpoint.java:1736)
	at org.apache.tomcat.util.net.SocketProcessorBase.run(SocketProcessorBase.java:52)
	at org.apache.tomcat.util.threads.ThreadPoolExecutor.runWorker(ThreadPoolExecutor.java:1191)
	at org.apache.tomcat.util.threads.ThreadPoolExecutor$Worker.run(ThreadPoolExecutor.java:659)
	at org.apache.tomcat.util.threads.TaskThread$WrappingRunnable.run(TaskThread.java:63)
	at java.base/java.lang.Thread.run(Unknown Source)
2026-05-02 19:51:47 [http-nio-9090-exec-9] INFO  o.a.coyote.http11.Http11Processor - Error parsing HTTP request header
 Note: further occurrences of HTTP request parsing errors will be logged at DEBUG level.
java.lang.IllegalArgumentException: Invalid character found in the request target [/api/v1/customers/?{1} ]. The valid characters are defined in RFC 7230 and RFC 3986
	at org.apache.coyote.http11.Http11InputBuffer.parseRequestLine(Http11InputBuffer.java:482)
	at org.apache.coyote.http11.Http11Processor.service(Http11Processor.java:264)
	at org.apache.coyote.AbstractProcessorLight.process(AbstractProcessorLight.java:63)
	at org.apache.coyote.AbstractProtocol$ConnectionHandler.process(AbstractProtocol.java:896)
	at org.apache.tomcat.util.net.NioEndpoint$SocketProcessor.doRun(NioEndpoint.java:1736)
	at org.apache.tomcat.util.net.SocketProcessorBase.run(SocketProcessorBase.java:52)
	at org.apache.tomcat.util.threads.ThreadPoolExecutor.runWorker(ThreadPoolExecutor.java:1191)
	at org.apache.tomcat.util.threads.ThreadPoolExecutor$Worker.run(ThreadPoolExecutor.java:659)
	at org.apache.tomcat.util.threads.TaskThread$WrappingRunnable.run(TaskThread.java:63)
	at java.base/java.lang.Thread.run(Unknown Source)
2026-05-02 19:52:15 [http-nio-9090-exec-2] INFO  c.c.controller.CustomerController - Entering updateKycStatus method with id: 1 and status: VERIFIED
2026-05-02 19:52:15 [http-nio-9090-exec-2] INFO  c.customer.service.CustomerService - Entering updateCustomerKycStatus with customerId: 1 and kycStatus: VERIFIED
2026-05-02 19:52:15 [http-nio-9090-exec-2] INFO  c.customer.service.CustomerService - Entering getCustomerById with customerId: 1
2026-05-02 19:52:15 [http-nio-9090-exec-2] INFO  c.customer.service.CustomerService - Customer KYC status updated for id: 1
2026-05-02 19:52:15 [http-nio-9090-exec-2] INFO  c.c.service.CustomerEventProducer - Published KYC_STATUS_UPDATED to topic customer-events: {"eventId":"05564980-b125-45a3-85c8-3aa3856c9e43","eventType":"KYC_STATUS_UPDATED","customerId":1,"email":"vivaan.khan90@inbox.com","name":"Vivaan Khan","kycStatus":"VERIFIED","timestamp":"2026-05-02T19:52:15.413699377"}
2026-05-02 19:52:15 [http-nio-9090-exec-2] INFO  c.c.controller.CustomerController - KYC status updated successfully
2026-05-02 19:52:15 [http-nio-9090-exec-2] INFO  com.customer.mapper.CustomerMapper - Mapping Customer entity to CustomerResponse
2026-05-02 19:52:19 [http-nio-9090-exec-3] ERROR c.c.exception.GlobalExceptionHandler - Handling global exception: No static resource api/v1/customers/1.
org.springframework.web.servlet.resource.NoResourceFoundException: No static resource api/v1/customers/1.
	at org.springframework.web.servlet.resource.ResourceHttpRequestHandler.handleRequest(ResourceHttpRequestHandler.java:585)
	at org.springframework.web.servlet.mvc.HttpRequestHandlerAdapter.handle(HttpRequestHandlerAdapter.java:52)
	at org.springframework.web.servlet.DispatcherServlet.doDispatch(DispatcherServlet.java:1089)
	at org.springframework.web.servlet.DispatcherServlet.doService(DispatcherServlet.java:979)
	at org.springframework.web.servlet.FrameworkServlet.processRequest(FrameworkServlet.java:1014)
	at org.springframework.web.servlet.FrameworkServlet.service(FrameworkServlet.java:888)
	at jakarta.servlet.http.HttpServlet.service(HttpServlet.java:658)
	at org.apache.catalina.core.ApplicationFilterChain.internalDoFilter(ApplicationFilterChain.java:206)
	at org.apache.catalina.core.ApplicationFilterChain.doFilter(ApplicationFilterChain.java:150)
	at org.apache.tomcat.websocket.server.WsFilter.doFilter(WsFilter.java:51)
	at org.apache.catalina.core.ApplicationFilterChain.internalDoFilter(ApplicationFilterChain.java:175)
	at org.apache.catalina.core.ApplicationFilterChain.doFilter(ApplicationFilterChain.java:150)
	at org.springframework.web.filter.RequestContextFilter.doFilterInternal(RequestContextFilter.java:100)
	at org.springframework.web.filter.OncePerRequestFilter.doFilter(OncePerRequestFilter.java:116)
	at org.apache.catalina.core.ApplicationFilterChain.internalDoFilter(ApplicationFilterChain.java:175)
	at org.apache.catalina.core.ApplicationFilterChain.doFilter(ApplicationFilterChain.java:150)
	at org.springframework.web.filter.FormContentFilter.doFilterInternal(FormContentFilter.java:93)
	at org.springframework.web.filter.OncePerRequestFilter.doFilter(OncePerRequestFilter.java:116)
	at org.apache.catalina.core.ApplicationFilterChain.internalDoFilter(ApplicationFilterChain.java:175)
	at org.apache.catalina.core.ApplicationFilterChain.doFilter(ApplicationFilterChain.java:150)
	at org.springframework.web.filter.CharacterEncodingFilter.doFilterInternal(CharacterEncodingFilter.java:201)
	at org.springframework.web.filter.OncePerRequestFilter.doFilter(OncePerRequestFilter.java:116)
	at org.apache.catalina.core.ApplicationFilterChain.internalDoFilter(ApplicationFilterChain.java:175)
	at org.apache.catalina.core.ApplicationFilterChain.doFilter(ApplicationFilterChain.java:150)
	at org.apache.catalina.core.StandardWrapperValve.invoke(StandardWrapperValve.java:167)
	at org.apache.catalina.core.StandardContextValve.invoke(StandardContextValve.java:90)
	at org.apache.catalina.authenticator.AuthenticatorBase.invoke(AuthenticatorBase.java:482)
	at org.apache.catalina.core.StandardHostValve.invoke(StandardHostValve.java:115)
	at org.apache.catalina.valves.ErrorReportValve.invoke(ErrorReportValve.java:93)
	at org.apache.catalina.core.StandardEngineValve.invoke(StandardEngineValve.java:74)
	at org.apache.catalina.connector.CoyoteAdapter.service(CoyoteAdapter.java:344)
	at org.apache.coyote.http11.Http11Processor.service(Http11Processor.java:391)
	at org.apache.coyote.AbstractProcessorLight.process(AbstractProcessorLight.java:63)
	at org.apache.coyote.AbstractProtocol$ConnectionHandler.process(AbstractProtocol.java:896)
	at org.apache.tomcat.util.net.NioEndpoint$SocketProcessor.doRun(NioEndpoint.java:1736)
	at org.apache.tomcat.util.net.SocketProcessorBase.run(SocketProcessorBase.java:52)
	at org.apache.tomcat.util.threads.ThreadPoolExecutor.runWorker(ThreadPoolExecutor.java:1191)
	at org.apache.tomcat.util.threads.ThreadPoolExecutor$Worker.run(ThreadPoolExecutor.java:659)
	at org.apache.tomcat.util.threads.TaskThread$WrappingRunnable.run(TaskThread.java:63)
	at java.base/java.lang.Thread.run(Unknown Source)
2026-05-02 19:52:22 [http-nio-9090-exec-4] ERROR c.c.exception.GlobalExceptionHandler - Handling global exception: Request method 'PATCH' is not supported
org.springframework.web.HttpRequestMethodNotSupportedException: Request method 'PATCH' is not supported
	at org.springframework.web.servlet.mvc.method.RequestMappingInfoHandlerMapping.handleNoMatch(RequestMappingInfoHandlerMapping.java:267)
	at org.springframework.web.servlet.handler.AbstractHandlerMethodMapping.lookupHandlerMethod(AbstractHandlerMethodMapping.java:441)
	at org.springframework.web.servlet.handler.AbstractHandlerMethodMapping.getHandlerInternal(AbstractHandlerMethodMapping.java:382)
	at org.springframework.web.servlet.mvc.method.RequestMappingInfoHandlerMapping.getHandlerInternal(RequestMappingInfoHandlerMapping.java:127)
	at org.springframework.web.servlet.mvc.method.RequestMappingInfoHandlerMapping.getHandlerInternal(RequestMappingInfoHandlerMapping.java:68)
	at org.springframework.web.servlet.handler.AbstractHandlerMapping.getHandler(AbstractHandlerMapping.java:507)
	at org.springframework.web.servlet.DispatcherServlet.getHandler(DispatcherServlet.java:1283)
	at org.springframework.web.servlet.DispatcherServlet.doDispatch(DispatcherServlet.java:1065)
	at org.springframework.web.servlet.DispatcherServlet.doService(DispatcherServlet.java:979)
	at org.springframework.web.servlet.FrameworkServlet.processRequest(FrameworkServlet.java:1014)
	at org.springframework.web.servlet.FrameworkServlet.service(FrameworkServlet.java:888)
	at jakarta.servlet.http.HttpServlet.service(HttpServlet.java:658)
	at org.apache.catalina.core.ApplicationFilterChain.internalDoFilter(ApplicationFilterChain.java:206)
	at org.apache.catalina.core.ApplicationFilterChain.doFilter(ApplicationFilterChain.java:150)
	at org.apache.tomcat.websocket.server.WsFilter.doFilter(WsFilter.java:51)
	at org.apache.catalina.core.ApplicationFilterChain.internalDoFilter(ApplicationFilterChain.java:175)
	at org.apache.catalina.core.ApplicationFilterChain.doFilter(ApplicationFilterChain.java:150)
	at org.springframework.web.filter.RequestContextFilter.doFilterInternal(RequestContextFilter.java:100)
	at org.springframework.web.filter.OncePerRequestFilter.doFilter(OncePerRequestFilter.java:116)
	at org.apache.catalina.core.ApplicationFilterChain.internalDoFilter(ApplicationFilterChain.java:175)
	at org.apache.catalina.core.ApplicationFilterChain.doFilter(ApplicationFilterChain.java:150)
	at org.springframework.web.filter.FormContentFilter.doFilterInternal(FormContentFilter.java:93)
	at org.springframework.web.filter.OncePerRequestFilter.doFilter(OncePerRequestFilter.java:116)
	at org.apache.catalina.core.ApplicationFilterChain.internalDoFilter(ApplicationFilterChain.java:175)
	at org.apache.catalina.core.ApplicationFilterChain.doFilter(ApplicationFilterChain.java:150)
	at org.springframework.web.filter.CharacterEncodingFilter.doFilterInternal(CharacterEncodingFilter.java:201)
	at org.springframework.web.filter.OncePerRequestFilter.doFilter(OncePerRequestFilter.java:116)
	at org.apache.catalina.core.ApplicationFilterChain.internalDoFilter(ApplicationFilterChain.java:175)
	at org.apache.catalina.core.ApplicationFilterChain.doFilter(ApplicationFilterChain.java:150)
	at org.apache.catalina.core.StandardWrapperValve.invoke(StandardWrapperValve.java:167)
	at org.apache.catalina.core.StandardContextValve.invoke(StandardContextValve.java:90)
	at org.apache.catalina.authenticator.AuthenticatorBase.invoke(AuthenticatorBase.java:482)
	at org.apache.catalina.core.StandardHostValve.invoke(StandardHostValve.java:115)
	at org.apache.catalina.valves.ErrorReportValve.invoke(ErrorReportValve.java:93)
	at org.apache.catalina.core.StandardEngineValve.invoke(StandardEngineValve.java:74)
	at org.apache.catalina.connector.CoyoteAdapter.service(CoyoteAdapter.java:344)
	at org.apache.coyote.http11.Http11Processor.service(Http11Processor.java:391)
	at org.apache.coyote.AbstractProcessorLight.process(AbstractProcessorLight.java:63)
	at org.apache.coyote.AbstractProtocol$ConnectionHandler.process(AbstractProtocol.java:896)
	at org.apache.tomcat.util.net.NioEndpoint$SocketProcessor.doRun(NioEndpoint.java:1736)
	at org.apache.tomcat.util.net.SocketProcessorBase.run(SocketProcessorBase.java:52)
	at org.apache.tomcat.util.threads.ThreadPoolExecutor.runWorker(ThreadPoolExecutor.java:1191)
	at org.apache.tomcat.util.threads.ThreadPoolExecutor$Worker.run(ThreadPoolExecutor.java:659)
	at org.apache.tomcat.util.threads.TaskThread$WrappingRunnable.run(TaskThread.java:63)
	at java.base/java.lang.Thread.run(Unknown Source)
2026-05-02 19:52:34 [http-nio-9090-exec-5] ERROR c.c.exception.GlobalExceptionHandler - Handling global exception: Request method 'PATCH' is not supported
org.springframework.web.HttpRequestMethodNotSupportedException: Request method 'PATCH' is not supported
	at org.springframework.web.servlet.mvc.method.RequestMappingInfoHandlerMapping.handleNoMatch(RequestMappingInfoHandlerMapping.java:267)
	at org.springframework.web.servlet.handler.AbstractHandlerMethodMapping.lookupHandlerMethod(AbstractHandlerMethodMapping.java:441)
	at org.springframework.web.servlet.handler.AbstractHandlerMethodMapping.getHandlerInternal(AbstractHandlerMethodMapping.java:382)
	at org.springframework.web.servlet.mvc.method.RequestMappingInfoHandlerMapping.getHandlerInternal(RequestMappingInfoHandlerMapping.java:127)
	at org.springframework.web.servlet.mvc.method.RequestMappingInfoHandlerMapping.getHandlerInternal(RequestMappingInfoHandlerMapping.java:68)
	at org.springframework.web.servlet.handler.AbstractHandlerMapping.getHandler(AbstractHandlerMapping.java:507)
	at org.springframework.web.servlet.DispatcherServlet.getHandler(DispatcherServlet.java:1283)
	at org.springframework.web.servlet.DispatcherServlet.doDispatch(DispatcherServlet.java:1065)
	at org.springframework.web.servlet.DispatcherServlet.doService(DispatcherServlet.java:979)
	at org.springframework.web.servlet.FrameworkServlet.processRequest(FrameworkServlet.java:1014)
	at org.springframework.web.servlet.FrameworkServlet.service(FrameworkServlet.java:888)
	at jakarta.servlet.http.HttpServlet.service(HttpServlet.java:658)
	at org.apache.catalina.core.ApplicationFilterChain.internalDoFilter(ApplicationFilterChain.java:206)
	at org.apache.catalina.core.ApplicationFilterChain.doFilter(ApplicationFilterChain.java:150)
	at org.apache.tomcat.websocket.server.WsFilter.doFilter(WsFilter.java:51)
	at org.apache.catalina.core.ApplicationFilterChain.internalDoFilter(ApplicationFilterChain.java:175)
	at org.apache.catalina.core.ApplicationFilterChain.doFilter(ApplicationFilterChain.java:150)
	at org.springframework.web.filter.RequestContextFilter.doFilterInternal(RequestContextFilter.java:100)
	at org.springframework.web.filter.OncePerRequestFilter.doFilter(OncePerRequestFilter.java:116)
	at org.apache.catalina.core.ApplicationFilterChain.internalDoFilter(ApplicationFilterChain.java:175)
	at org.apache.catalina.core.ApplicationFilterChain.doFilter(ApplicationFilterChain.java:150)
	at org.springframework.web.filter.FormContentFilter.doFilterInternal(FormContentFilter.java:93)
	at org.springframework.web.filter.OncePerRequestFilter.doFilter(OncePerRequestFilter.java:116)
	at org.apache.catalina.core.ApplicationFilterChain.internalDoFilter(ApplicationFilterChain.java:175)
	at org.apache.catalina.core.ApplicationFilterChain.doFilter(ApplicationFilterChain.java:150)
	at org.springframework.web.filter.CharacterEncodingFilter.doFilterInternal(CharacterEncodingFilter.java:201)
	at org.springframework.web.filter.OncePerRequestFilter.doFilter(OncePerRequestFilter.java:116)
	at org.apache.catalina.core.ApplicationFilterChain.internalDoFilter(ApplicationFilterChain.java:175)
	at org.apache.catalina.core.ApplicationFilterChain.doFilter(ApplicationFilterChain.java:150)
	at org.apache.catalina.core.StandardWrapperValve.invoke(StandardWrapperValve.java:167)
	at org.apache.catalina.core.StandardContextValve.invoke(StandardContextValve.java:90)
	at org.apache.catalina.authenticator.AuthenticatorBase.invoke(AuthenticatorBase.java:482)
	at org.apache.catalina.core.StandardHostValve.invoke(StandardHostValve.java:115)
	at org.apache.catalina.valves.ErrorReportValve.invoke(ErrorReportValve.java:93)
	at org.apache.catalina.core.StandardEngineValve.invoke(StandardEngineValve.java:74)
	at org.apache.catalina.connector.CoyoteAdapter.service(CoyoteAdapter.java:344)
	at org.apache.coyote.http11.Http11Processor.service(Http11Processor.java:391)
	at org.apache.coyote.AbstractProcessorLight.process(AbstractProcessorLight.java:63)
	at org.apache.coyote.AbstractProtocol$ConnectionHandler.process(AbstractProtocol.java:896)
	at org.apache.tomcat.util.net.NioEndpoint$SocketProcessor.doRun(NioEndpoint.java:1736)
	at org.apache.tomcat.util.net.SocketProcessorBase.run(SocketProcessorBase.java:52)
	at org.apache.tomcat.util.threads.ThreadPoolExecutor.runWorker(ThreadPoolExecutor.java:1191)
	at org.apache.tomcat.util.threads.ThreadPoolExecutor$Worker.run(ThreadPoolExecutor.java:659)
	at org.apache.tomcat.util.threads.TaskThread$WrappingRunnable.run(TaskThread.java:63)
	at java.base/java.lang.Thread.run(Unknown Source)
2026-05-02 19:52:40 [http-nio-9090-exec-8] ERROR c.c.exception.GlobalExceptionHandler - Handling global exception: Request method 'PATCH' is not supported
org.springframework.web.HttpRequestMethodNotSupportedException: Request method 'PATCH' is not supported
	at org.springframework.web.servlet.mvc.method.RequestMappingInfoHandlerMapping.handleNoMatch(RequestMappingInfoHandlerMapping.java:267)
	at org.springframework.web.servlet.handler.AbstractHandlerMethodMapping.lookupHandlerMethod(AbstractHandlerMethodMapping.java:441)
	at org.springframework.web.servlet.handler.AbstractHandlerMethodMapping.getHandlerInternal(AbstractHandlerMethodMapping.java:382)
	at org.springframework.web.servlet.mvc.method.RequestMappingInfoHandlerMapping.getHandlerInternal(RequestMappingInfoHandlerMapping.java:127)
	at org.springframework.web.servlet.mvc.method.RequestMappingInfoHandlerMapping.getHandlerInternal(RequestMappingInfoHandlerMapping.java:68)
	at org.springframework.web.servlet.handler.AbstractHandlerMapping.getHandler(AbstractHandlerMapping.java:507)
	at org.springframework.web.servlet.DispatcherServlet.getHandler(DispatcherServlet.java:1283)
	at org.springframework.web.servlet.DispatcherServlet.doDispatch(DispatcherServlet.java:1065)
	at org.springframework.web.servlet.DispatcherServlet.doService(DispatcherServlet.java:979)
	at org.springframework.web.servlet.FrameworkServlet.processRequest(FrameworkServlet.java:1014)
	at org.springframework.web.servlet.FrameworkServlet.service(FrameworkServlet.java:888)
	at jakarta.servlet.http.HttpServlet.service(HttpServlet.java:658)
	at org.apache.catalina.core.ApplicationFilterChain.internalDoFilter(ApplicationFilterChain.java:206)
	at org.apache.catalina.core.ApplicationFilterChain.doFilter(ApplicationFilterChain.java:150)
	at org.apache.tomcat.websocket.server.WsFilter.doFilter(WsFilter.java:51)
	at org.apache.catalina.core.ApplicationFilterChain.internalDoFilter(ApplicationFilterChain.java:175)
	at org.apache.catalina.core.ApplicationFilterChain.doFilter(ApplicationFilterChain.java:150)
	at org.springframework.web.filter.RequestContextFilter.doFilterInternal(RequestContextFilter.java:100)
	at org.springframework.web.filter.OncePerRequestFilter.doFilter(OncePerRequestFilter.java:116)
	at org.apache.catalina.core.ApplicationFilterChain.internalDoFilter(ApplicationFilterChain.java:175)
	at org.apache.catalina.core.ApplicationFilterChain.doFilter(ApplicationFilterChain.java:150)
	at org.springframework.web.filter.FormContentFilter.doFilterInternal(FormContentFilter.java:93)
	at org.springframework.web.filter.OncePerRequestFilter.doFilter(OncePerRequestFilter.java:116)
	at org.apache.catalina.core.ApplicationFilterChain.internalDoFilter(ApplicationFilterChain.java:175)
	at org.apache.catalina.core.ApplicationFilterChain.doFilter(ApplicationFilterChain.java:150)
	at org.springframework.web.filter.CharacterEncodingFilter.doFilterInternal(CharacterEncodingFilter.java:201)
	at org.springframework.web.filter.OncePerRequestFilter.doFilter(OncePerRequestFilter.java:116)
	at org.apache.catalina.core.ApplicationFilterChain.internalDoFilter(ApplicationFilterChain.java:175)
	at org.apache.catalina.core.ApplicationFilterChain.doFilter(ApplicationFilterChain.java:150)
	at org.apache.catalina.core.StandardWrapperValve.invoke(StandardWrapperValve.java:167)
	at org.apache.catalina.core.StandardContextValve.invoke(StandardContextValve.java:90)
	at org.apache.catalina.authenticator.AuthenticatorBase.invoke(AuthenticatorBase.java:482)
	at org.apache.catalina.core.StandardHostValve.invoke(StandardHostValve.java:115)
	at org.apache.catalina.valves.ErrorReportValve.invoke(ErrorReportValve.java:93)
	at org.apache.catalina.core.StandardEngineValve.invoke(StandardEngineValve.java:74)
	at org.apache.catalina.connector.CoyoteAdapter.service(CoyoteAdapter.java:344)
	at org.apache.coyote.http11.Http11Processor.service(Http11Processor.java:391)
	at org.apache.coyote.AbstractProcessorLight.process(AbstractProcessorLight.java:63)
	at org.apache.coyote.AbstractProtocol$ConnectionHandler.process(AbstractProtocol.java:896)
	at org.apache.tomcat.util.net.NioEndpoint$SocketProcessor.doRun(NioEndpoint.java:1736)
	at org.apache.tomcat.util.net.SocketProcessorBase.run(SocketProcessorBase.java:52)
	at org.apache.tomcat.util.threads.ThreadPoolExecutor.runWorker(ThreadPoolExecutor.java:1191)
	at org.apache.tomcat.util.threads.ThreadPoolExecutor$Worker.run(ThreadPoolExecutor.java:659)
	at org.apache.tomcat.util.threads.TaskThread$WrappingRunnable.run(TaskThread.java:63)
	at java.base/java.lang.Thread.run(Unknown Source)
2026-05-02 19:52:45 [http-nio-9090-exec-10] INFO  c.c.controller.CustomerController - Entering getCustomer method with id: 1
2026-05-02 19:52:45 [http-nio-9090-exec-10] INFO  c.customer.service.CustomerService - Entering getCustomerById with customerId: 1
2026-05-02 19:52:45 [http-nio-9090-exec-10] INFO  c.c.controller.CustomerController - Customer fetched successfully
2026-05-02 19:52:45 [http-nio-9090-exec-10] INFO  com.customer.mapper.CustomerMapper - Mapping Customer entity to CustomerResponse
2026-05-02 19:52:56 [http-nio-9090-exec-2] INFO  c.c.controller.CustomerController - Entering getCustomer method with id: 60
2026-05-02 19:52:56 [http-nio-9090-exec-2] INFO  c.customer.service.CustomerService - Entering getCustomerById with customerId: 60
2026-05-02 19:52:56 [http-nio-9090-exec-2] INFO  c.c.controller.CustomerController - Customer fetched successfully
2026-05-02 19:52:56 [http-nio-9090-exec-2] INFO  com.customer.mapper.CustomerMapper - Mapping Customer entity to CustomerResponse
2026-05-02 19:53:00 [http-nio-9090-exec-3] INFO  c.c.controller.CustomerController - Entering getCustomer method with id: 61
2026-05-02 19:53:00 [http-nio-9090-exec-3] INFO  c.customer.service.CustomerService - Entering getCustomerById with customerId: 61
2026-05-02 19:53:00 [http-nio-9090-exec-3] INFO  c.c.controller.CustomerController - Customer fetched successfully
2026-05-02 19:53:00 [http-nio-9090-exec-3] INFO  com.customer.mapper.CustomerMapper - Mapping Customer entity to CustomerResponse
2026-05-02 19:53:02 [http-nio-9090-exec-1] INFO  c.c.controller.CustomerController - Entering getCustomer method with id: 62
2026-05-02 19:53:02 [http-nio-9090-exec-1] INFO  c.customer.service.CustomerService - Entering getCustomerById with customerId: 62
2026-05-02 19:53:02 [http-nio-9090-exec-1] ERROR c.customer.service.CustomerService - Error in getCustomerById: Customer not found with id: 62
com.customer.exception.ResourceNotFoundException: Customer not found with id: 62
	at com.customer.service.CustomerService.lambda$getCustomerById$0(CustomerService.java:31)
	at java.base/java.util.Optional.orElseThrow(Unknown Source)
	at com.customer.service.CustomerService.getCustomerById(CustomerService.java:30)
	at com.customer.controller.CustomerController.getCustomer(CustomerController.java:64)
	at java.base/jdk.internal.reflect.NativeMethodAccessorImpl.invoke0(Native Method)
	at java.base/jdk.internal.reflect.NativeMethodAccessorImpl.invoke(Unknown Source)
	at java.base/jdk.internal.reflect.DelegatingMethodAccessorImpl.invoke(Unknown Source)
	at java.base/java.lang.reflect.Method.invoke(Unknown Source)
	at org.springframework.web.method.support.InvocableHandlerMethod.doInvoke(InvocableHandlerMethod.java:255)
	at org.springframework.web.method.support.InvocableHandlerMethod.invokeForRequest(InvocableHandlerMethod.java:188)
	at org.springframework.web.servlet.mvc.method.annotation.ServletInvocableHandlerMethod.invokeAndHandle(ServletInvocableHandlerMethod.java:118)
	at org.springframework.web.servlet.mvc.method.annotation.RequestMappingHandlerAdapter.invokeHandlerMethod(RequestMappingHandlerAdapter.java:926)
	at org.springframework.web.servlet.mvc.method.annotation.RequestMappingHandlerAdapter.handleInternal(RequestMappingHandlerAdapter.java:831)
	at org.springframework.web.servlet.mvc.method.AbstractHandlerMethodAdapter.handle(AbstractHandlerMethodAdapter.java:87)
	at org.springframework.web.servlet.DispatcherServlet.doDispatch(DispatcherServlet.java:1089)
	at org.springframework.web.servlet.DispatcherServlet.doService(DispatcherServlet.java:979)
	at org.springframework.web.servlet.FrameworkServlet.processRequest(FrameworkServlet.java:1014)
	at org.springframework.web.servlet.FrameworkServlet.doGet(FrameworkServlet.java:903)
	at jakarta.servlet.http.HttpServlet.service(HttpServlet.java:564)
	at org.springframework.web.servlet.FrameworkServlet.service(FrameworkServlet.java:885)
	at jakarta.servlet.http.HttpServlet.service(HttpServlet.java:658)
	at org.apache.catalina.core.ApplicationFilterChain.internalDoFilter(ApplicationFilterChain.java:206)
	at org.apache.catalina.core.ApplicationFilterChain.doFilter(ApplicationFilterChain.java:150)
	at org.apache.tomcat.websocket.server.WsFilter.doFilter(WsFilter.java:51)
	at org.apache.catalina.core.ApplicationFilterChain.internalDoFilter(ApplicationFilterChain.java:175)
	at org.apache.catalina.core.ApplicationFilterChain.doFilter(ApplicationFilterChain.java:150)
	at org.springframework.web.filter.RequestContextFilter.doFilterInternal(RequestContextFilter.java:100)
	at org.springframework.web.filter.OncePerRequestFilter.doFilter(OncePerRequestFilter.java:116)
	at org.apache.catalina.core.ApplicationFilterChain.internalDoFilter(ApplicationFilterChain.java:175)
	at org.apache.catalina.core.ApplicationFilterChain.doFilter(ApplicationFilterChain.java:150)
	at org.springframework.web.filter.FormContentFilter.doFilterInternal(FormContentFilter.java:93)
	at org.springframework.web.filter.OncePerRequestFilter.doFilter(OncePerRequestFilter.java:116)
	at org.apache.catalina.core.ApplicationFilterChain.internalDoFilter(ApplicationFilterChain.java:175)
	at org.apache.catalina.core.ApplicationFilterChain.doFilter(ApplicationFilterChain.java:150)
	at org.springframework.web.filter.CharacterEncodingFilter.doFilterInternal(CharacterEncodingFilter.java:201)
	at org.springframework.web.filter.OncePerRequestFilter.doFilter(OncePerRequestFilter.java:116)
	at org.apache.catalina.core.ApplicationFilterChain.internalDoFilter(ApplicationFilterChain.java:175)
	at org.apache.catalina.core.ApplicationFilterChain.doFilter(ApplicationFilterChain.java:150)
	at org.apache.catalina.core.StandardWrapperValve.invoke(StandardWrapperValve.java:167)
	at org.apache.catalina.core.StandardContextValve.invoke(StandardContextValve.java:90)
	at org.apache.catalina.authenticator.AuthenticatorBase.invoke(AuthenticatorBase.java:482)
	at org.apache.catalina.core.StandardHostValve.invoke(StandardHostValve.java:115)
	at org.apache.catalina.valves.ErrorReportValve.invoke(ErrorReportValve.java:93)
	at org.apache.catalina.core.StandardEngineValve.invoke(StandardEngineValve.java:74)
	at org.apache.catalina.connector.CoyoteAdapter.service(CoyoteAdapter.java:344)
	at org.apache.coyote.http11.Http11Processor.service(Http11Processor.java:391)
	at org.apache.coyote.AbstractProcessorLight.process(AbstractProcessorLight.java:63)
	at org.apache.coyote.AbstractProtocol$ConnectionHandler.process(AbstractProtocol.java:896)
	at org.apache.tomcat.util.net.NioEndpoint$SocketProcessor.doRun(NioEndpoint.java:1736)
	at org.apache.tomcat.util.net.SocketProcessorBase.run(SocketProcessorBase.java:52)
	at org.apache.tomcat.util.threads.ThreadPoolExecutor.runWorker(ThreadPoolExecutor.java:1191)
	at org.apache.tomcat.util.threads.ThreadPoolExecutor$Worker.run(ThreadPoolExecutor.java:659)
	at org.apache.tomcat.util.threads.TaskThread$WrappingRunnable.run(TaskThread.java:63)
	at java.base/java.lang.Thread.run(Unknown Source)
2026-05-02 19:53:02 [http-nio-9090-exec-1] ERROR c.c.controller.CustomerController - Error in getCustomer: Customer not found with id: 62
com.customer.exception.ResourceNotFoundException: Customer not found with id: 62
	at com.customer.service.CustomerService.lambda$getCustomerById$0(CustomerService.java:31)
	at java.base/java.util.Optional.orElseThrow(Unknown Source)
	at com.customer.service.CustomerService.getCustomerById(CustomerService.java:30)
	at com.customer.controller.CustomerController.getCustomer(CustomerController.java:64)
	at java.base/jdk.internal.reflect.NativeMethodAccessorImpl.invoke0(Native Method)
	at java.base/jdk.internal.reflect.NativeMethodAccessorImpl.invoke(Unknown Source)
	at java.base/jdk.internal.reflect.DelegatingMethodAccessorImpl.invoke(Unknown Source)
	at java.base/java.lang.reflect.Method.invoke(Unknown Source)
	at org.springframework.web.method.support.InvocableHandlerMethod.doInvoke(InvocableHandlerMethod.java:255)
	at org.springframework.web.method.support.InvocableHandlerMethod.invokeForRequest(InvocableHandlerMethod.java:188)
	at org.springframework.web.servlet.mvc.method.annotation.ServletInvocableHandlerMethod.invokeAndHandle(ServletInvocableHandlerMethod.java:118)
	at org.springframework.web.servlet.mvc.method.annotation.RequestMappingHandlerAdapter.invokeHandlerMethod(RequestMappingHandlerAdapter.java:926)
	at org.springframework.web.servlet.mvc.method.annotation.RequestMappingHandlerAdapter.handleInternal(RequestMappingHandlerAdapter.java:831)
	at org.springframework.web.servlet.mvc.method.AbstractHandlerMethodAdapter.handle(AbstractHandlerMethodAdapter.java:87)
	at org.springframework.web.servlet.DispatcherServlet.doDispatch(DispatcherServlet.java:1089)
	at org.springframework.web.servlet.DispatcherServlet.doService(DispatcherServlet.java:979)
	at org.springframework.web.servlet.FrameworkServlet.processRequest(FrameworkServlet.java:1014)
	at org.springframework.web.servlet.FrameworkServlet.doGet(FrameworkServlet.java:903)
	at jakarta.servlet.http.HttpServlet.service(HttpServlet.java:564)
	at org.springframework.web.servlet.FrameworkServlet.service(FrameworkServlet.java:885)
	at jakarta.servlet.http.HttpServlet.service(HttpServlet.java:658)
	at org.apache.catalina.core.ApplicationFilterChain.internalDoFilter(ApplicationFilterChain.java:206)
	at org.apache.catalina.core.ApplicationFilterChain.doFilter(ApplicationFilterChain.java:150)
	at org.apache.tomcat.websocket.server.WsFilter.doFilter(WsFilter.java:51)
	at org.apache.catalina.core.ApplicationFilterChain.internalDoFilter(ApplicationFilterChain.java:175)
	at org.apache.catalina.core.ApplicationFilterChain.doFilter(ApplicationFilterChain.java:150)
	at org.springframework.web.filter.RequestContextFilter.doFilterInternal(RequestContextFilter.java:100)
	at org.springframework.web.filter.OncePerRequestFilter.doFilter(OncePerRequestFilter.java:116)
	at org.apache.catalina.core.ApplicationFilterChain.internalDoFilter(ApplicationFilterChain.java:175)
	at org.apache.catalina.core.ApplicationFilterChain.doFilter(ApplicationFilterChain.java:150)
	at org.springframework.web.filter.FormContentFilter.doFilterInternal(FormContentFilter.java:93)
	at org.springframework.web.filter.OncePerRequestFilter.doFilter(OncePerRequestFilter.java:116)
	at org.apache.catalina.core.ApplicationFilterChain.internalDoFilter(ApplicationFilterChain.java:175)
	at org.apache.catalina.core.ApplicationFilterChain.doFilter(ApplicationFilterChain.java:150)
	at org.springframework.web.filter.CharacterEncodingFilter.doFilterInternal(CharacterEncodingFilter.java:201)
	at org.springframework.web.filter.OncePerRequestFilter.doFilter(OncePerRequestFilter.java:116)
	at org.apache.catalina.core.ApplicationFilterChain.internalDoFilter(ApplicationFilterChain.java:175)
	at org.apache.catalina.core.ApplicationFilterChain.doFilter(ApplicationFilterChain.java:150)
	at org.apache.catalina.core.StandardWrapperValve.invoke(StandardWrapperValve.java:167)
	at org.apache.catalina.core.StandardContextValve.invoke(StandardContextValve.java:90)
	at org.apache.catalina.authenticator.AuthenticatorBase.invoke(AuthenticatorBase.java:482)
	at org.apache.catalina.core.StandardHostValve.invoke(StandardHostValve.java:115)
	at org.apache.catalina.valves.ErrorReportValve.invoke(ErrorReportValve.java:93)
	at org.apache.catalina.core.StandardEngineValve.invoke(StandardEngineValve.java:74)
	at org.apache.catalina.connector.CoyoteAdapter.service(CoyoteAdapter.java:344)
	at org.apache.coyote.http11.Http11Processor.service(Http11Processor.java:391)
	at org.apache.coyote.AbstractProcessorLight.process(AbstractProcessorLight.java:63)
	at org.apache.coyote.AbstractProtocol$ConnectionHandler.process(AbstractProtocol.java:896)
	at org.apache.tomcat.util.net.NioEndpoint$SocketProcessor.doRun(NioEndpoint.java:1736)
	at org.apache.tomcat.util.net.SocketProcessorBase.run(SocketProcessorBase.java:52)
	at org.apache.tomcat.util.threads.ThreadPoolExecutor.runWorker(ThreadPoolExecutor.java:1191)
	at org.apache.tomcat.util.threads.ThreadPoolExecutor$Worker.run(ThreadPoolExecutor.java:659)
	at org.apache.tomcat.util.threads.TaskThread$WrappingRunnable.run(TaskThread.java:63)
	at java.base/java.lang.Thread.run(Unknown Source)
2026-05-02 19:53:02 [http-nio-9090-exec-1] ERROR c.c.exception.GlobalExceptionHandler - Handling global exception: Failed to fetch customer: Customer not found with id: 62
java.lang.RuntimeException: Failed to fetch customer: Customer not found with id: 62
	at com.customer.controller.CustomerController.getCustomer(CustomerController.java:69)
	at java.base/jdk.internal.reflect.NativeMethodAccessorImpl.invoke0(Native Method)
	at java.base/jdk.internal.reflect.NativeMethodAccessorImpl.invoke(Unknown Source)
	at java.base/jdk.internal.reflect.DelegatingMethodAccessorImpl.invoke(Unknown Source)
	at java.base/java.lang.reflect.Method.invoke(Unknown Source)
	at org.springframework.web.method.support.InvocableHandlerMethod.doInvoke(InvocableHandlerMethod.java:255)
	at org.springframework.web.method.support.InvocableHandlerMethod.invokeForRequest(InvocableHandlerMethod.java:188)
	at org.springframework.web.servlet.mvc.method.annotation.ServletInvocableHandlerMethod.invokeAndHandle(ServletInvocableHandlerMethod.java:118)
	at org.springframework.web.servlet.mvc.method.annotation.RequestMappingHandlerAdapter.invokeHandlerMethod(RequestMappingHandlerAdapter.java:926)
	at org.springframework.web.servlet.mvc.method.annotation.RequestMappingHandlerAdapter.handleInternal(RequestMappingHandlerAdapter.java:831)
	at org.springframework.web.servlet.mvc.method.AbstractHandlerMethodAdapter.handle(AbstractHandlerMethodAdapter.java:87)
	at org.springframework.web.servlet.DispatcherServlet.doDispatch(DispatcherServlet.java:1089)
	at org.springframework.web.servlet.DispatcherServlet.doService(DispatcherServlet.java:979)
	at org.springframework.web.servlet.FrameworkServlet.processRequest(FrameworkServlet.java:1014)
	at org.springframework.web.servlet.FrameworkServlet.doGet(FrameworkServlet.java:903)
	at jakarta.servlet.http.HttpServlet.service(HttpServlet.java:564)
	at org.springframework.web.servlet.FrameworkServlet.service(FrameworkServlet.java:885)
	at jakarta.servlet.http.HttpServlet.service(HttpServlet.java:658)
	at org.apache.catalina.core.ApplicationFilterChain.internalDoFilter(ApplicationFilterChain.java:206)
	at org.apache.catalina.core.ApplicationFilterChain.doFilter(ApplicationFilterChain.java:150)
	at org.apache.tomcat.websocket.server.WsFilter.doFilter(WsFilter.java:51)
	at org.apache.catalina.core.ApplicationFilterChain.internalDoFilter(ApplicationFilterChain.java:175)
	at org.apache.catalina.core.ApplicationFilterChain.doFilter(ApplicationFilterChain.java:150)
	at org.springframework.web.filter.RequestContextFilter.doFilterInternal(RequestContextFilter.java:100)
	at org.springframework.web.filter.OncePerRequestFilter.doFilter(OncePerRequestFilter.java:116)
	at org.apache.catalina.core.ApplicationFilterChain.internalDoFilter(ApplicationFilterChain.java:175)
	at org.apache.catalina.core.ApplicationFilterChain.doFilter(ApplicationFilterChain.java:150)
	at org.springframework.web.filter.FormContentFilter.doFilterInternal(FormContentFilter.java:93)
	at org.springframework.web.filter.OncePerRequestFilter.doFilter(OncePerRequestFilter.java:116)
	at org.apache.catalina.core.ApplicationFilterChain.internalDoFilter(ApplicationFilterChain.java:175)
	at org.apache.catalina.core.ApplicationFilterChain.doFilter(ApplicationFilterChain.java:150)
	at org.springframework.web.filter.CharacterEncodingFilter.doFilterInternal(CharacterEncodingFilter.java:201)
	at org.springframework.web.filter.OncePerRequestFilter.doFilter(OncePerRequestFilter.java:116)
	at org.apache.catalina.core.ApplicationFilterChain.internalDoFilter(ApplicationFilterChain.java:175)
	at org.apache.catalina.core.ApplicationFilterChain.doFilter(ApplicationFilterChain.java:150)
	at org.apache.catalina.core.StandardWrapperValve.invoke(StandardWrapperValve.java:167)
	at org.apache.catalina.core.StandardContextValve.invoke(StandardContextValve.java:90)
	at org.apache.catalina.authenticator.AuthenticatorBase.invoke(AuthenticatorBase.java:482)
	at org.apache.catalina.core.StandardHostValve.invoke(StandardHostValve.java:115)
	at org.apache.catalina.valves.ErrorReportValve.invoke(ErrorReportValve.java:93)
	at org.apache.catalina.core.StandardEngineValve.invoke(StandardEngineValve.java:74)
	at org.apache.catalina.connector.CoyoteAdapter.service(CoyoteAdapter.java:344)
	at org.apache.coyote.http11.Http11Processor.service(Http11Processor.java:391)
	at org.apache.coyote.AbstractProcessorLight.process(AbstractProcessorLight.java:63)
	at org.apache.coyote.AbstractProtocol$ConnectionHandler.process(AbstractProtocol.java:896)
	at org.apache.tomcat.util.net.NioEndpoint$SocketProcessor.doRun(NioEndpoint.java:1736)
	at org.apache.tomcat.util.net.SocketProcessorBase.run(SocketProcessorBase.java:52)
	at org.apache.tomcat.util.threads.ThreadPoolExecutor.runWorker(ThreadPoolExecutor.java:1191)
	at org.apache.tomcat.util.threads.ThreadPoolExecutor$Worker.run(ThreadPoolExecutor.java:659)
	at org.apache.tomcat.util.threads.TaskThread$WrappingRunnable.run(TaskThread.java:63)
	at java.base/java.lang.Thread.run(Unknown Source)
2026-05-02 19:53:04 [http-nio-9090-exec-6] INFO  c.c.controller.CustomerController - Entering getCustomer method with id: 61
2026-05-02 19:53:04 [http-nio-9090-exec-6] INFO  c.customer.service.CustomerService - Entering getCustomerById with customerId: 61
2026-05-02 19:53:04 [http-nio-9090-exec-6] INFO  c.c.controller.CustomerController - Customer fetched successfully
2026-05-02 19:53:04 [http-nio-9090-exec-6] INFO  com.customer.mapper.CustomerMapper - Mapping Customer entity to CustomerResponse
2026-05-02 19:53:07 [http-nio-9090-exec-5] INFO  c.c.controller.CustomerController - Entering getCustomer method with id: 34
2026-05-02 19:53:07 [http-nio-9090-exec-5] INFO  c.customer.service.CustomerService - Entering getCustomerById with customerId: 34
2026-05-02 19:53:07 [http-nio-9090-exec-5] INFO  c.c.controller.CustomerController - Customer fetched successfully
2026-05-02 19:53:07 [http-nio-9090-exec-5] INFO  com.customer.mapper.CustomerMapper - Mapping Customer entity to CustomerResponse
2026-05-02 19:53:28 [http-nio-9090-exec-7] INFO  c.c.controller.CustomerController - Entering getAllCustomers method
2026-05-02 19:53:28 [http-nio-9090-exec-7] INFO  c.customer.service.CustomerService - Entering getAllCustomers
2026-05-02 19:53:28 [http-nio-9090-exec-7] INFO  com.customer.mapper.CustomerMapper - Mapping Customer entity to CustomerResponse
2026-05-02 19:53:28 [http-nio-9090-exec-7] INFO  com.customer.mapper.CustomerMapper - Mapping Customer entity to CustomerResponse
2026-05-02 19:53:28 [http-nio-9090-exec-7] INFO  com.customer.mapper.CustomerMapper - Mapping Customer entity to CustomerResponse
2026-05-02 19:53:28 [http-nio-9090-exec-7] INFO  com.customer.mapper.CustomerMapper - Mapping Customer entity to CustomerResponse
2026-05-02 19:53:28 [http-nio-9090-exec-7] INFO  com.customer.mapper.CustomerMapper - Mapping Customer entity to CustomerResponse
2026-05-02 19:53:28 [http-nio-9090-exec-7] INFO  com.customer.mapper.CustomerMapper - Mapping Customer entity to CustomerResponse
2026-05-02 19:53:28 [http-nio-9090-exec-7] INFO  com.customer.mapper.CustomerMapper - Mapping Customer entity to CustomerResponse
2026-05-02 19:53:28 [http-nio-9090-exec-7] INFO  com.customer.mapper.CustomerMapper - Mapping Customer entity to CustomerResponse
2026-05-02 19:53:28 [http-nio-9090-exec-7] INFO  com.customer.mapper.CustomerMapper - Mapping Customer entity to CustomerResponse
2026-05-02 19:53:28 [http-nio-9090-exec-7] INFO  com.customer.mapper.CustomerMapper - Mapping Customer entity to CustomerResponse
2026-05-02 19:53:28 [http-nio-9090-exec-7] INFO  com.customer.mapper.CustomerMapper - Mapping Customer entity to CustomerResponse
2026-05-02 19:53:28 [http-nio-9090-exec-7] INFO  com.customer.mapper.CustomerMapper - Mapping Customer entity to CustomerResponse
2026-05-02 19:53:28 [http-nio-9090-exec-7] INFO  com.customer.mapper.CustomerMapper - Mapping Customer entity to CustomerResponse
2026-05-02 19:53:28 [http-nio-9090-exec-7] INFO  com.customer.mapper.CustomerMapper - Mapping Customer entity to CustomerResponse
2026-05-02 19:53:28 [http-nio-9090-exec-7] INFO  com.customer.mapper.CustomerMapper - Mapping Customer entity to CustomerResponse
2026-05-02 19:53:28 [http-nio-9090-exec-7] INFO  com.customer.mapper.CustomerMapper - Mapping Customer entity to CustomerResponse
2026-05-02 19:53:28 [http-nio-9090-exec-7] INFO  com.customer.mapper.CustomerMapper - Mapping Customer entity to CustomerResponse
2026-05-02 19:53:28 [http-nio-9090-exec-7] INFO  com.customer.mapper.CustomerMapper - Mapping Customer entity to CustomerResponse
2026-05-02 19:53:28 [http-nio-9090-exec-7] INFO  com.customer.mapper.CustomerMapper - Mapping Customer entity to CustomerResponse
2026-05-02 19:53:28 [http-nio-9090-exec-7] INFO  com.customer.mapper.CustomerMapper - Mapping Customer entity to CustomerResponse
2026-05-02 19:53:28 [http-nio-9090-exec-7] INFO  com.customer.mapper.CustomerMapper - Mapping Customer entity to CustomerResponse
2026-05-02 19:53:28 [http-nio-9090-exec-7] INFO  com.customer.mapper.CustomerMapper - Mapping Customer entity to CustomerResponse
2026-05-02 19:53:28 [http-nio-9090-exec-7] INFO  com.customer.mapper.CustomerMapper - Mapping Customer entity to CustomerResponse
2026-05-02 19:53:28 [http-nio-9090-exec-7] INFO  com.customer.mapper.CustomerMapper - Mapping Customer entity to CustomerResponse
2026-05-02 19:53:28 [http-nio-9090-exec-7] INFO  com.customer.mapper.CustomerMapper - Mapping Customer entity to CustomerResponse
2026-05-02 19:53:28 [http-nio-9090-exec-7] INFO  com.customer.mapper.CustomerMapper - Mapping Customer entity to CustomerResponse
2026-05-02 19:53:28 [http-nio-9090-exec-7] INFO  com.customer.mapper.CustomerMapper - Mapping Customer entity to CustomerResponse
2026-05-02 19:53:28 [http-nio-9090-exec-7] INFO  com.customer.mapper.CustomerMapper - Mapping Customer entity to CustomerResponse
2026-05-02 19:53:28 [http-nio-9090-exec-7] INFO  com.customer.mapper.CustomerMapper - Mapping Customer entity to CustomerResponse
2026-05-02 19:53:28 [http-nio-9090-exec-7] INFO  com.customer.mapper.CustomerMapper - Mapping Customer entity to CustomerResponse
2026-05-02 19:53:28 [http-nio-9090-exec-7] INFO  com.customer.mapper.CustomerMapper - Mapping Customer entity to CustomerResponse
2026-05-02 19:53:28 [http-nio-9090-exec-7] INFO  com.customer.mapper.CustomerMapper - Mapping Customer entity to CustomerResponse
2026-05-02 19:53:28 [http-nio-9090-exec-7] INFO  com.customer.mapper.CustomerMapper - Mapping Customer entity to CustomerResponse
2026-05-02 19:53:28 [http-nio-9090-exec-7] INFO  com.customer.mapper.CustomerMapper - Mapping Customer entity to CustomerResponse
2026-05-02 19:53:28 [http-nio-9090-exec-7] INFO  com.customer.mapper.CustomerMapper - Mapping Customer entity to CustomerResponse
2026-05-02 19:53:28 [http-nio-9090-exec-7] INFO  com.customer.mapper.CustomerMapper - Mapping Customer entity to CustomerResponse
2026-05-02 19:53:28 [http-nio-9090-exec-7] INFO  com.customer.mapper.CustomerMapper - Mapping Customer entity to CustomerResponse
2026-05-02 19:53:28 [http-nio-9090-exec-7] INFO  com.customer.mapper.CustomerMapper - Mapping Customer entity to CustomerResponse
2026-05-02 19:53:28 [http-nio-9090-exec-7] INFO  com.customer.mapper.CustomerMapper - Mapping Customer entity to CustomerResponse
2026-05-02 19:53:28 [http-nio-9090-exec-7] INFO  com.customer.mapper.CustomerMapper - Mapping Customer entity to CustomerResponse
2026-05-02 19:53:28 [http-nio-9090-exec-7] INFO  com.customer.mapper.CustomerMapper - Mapping Customer entity to CustomerResponse
2026-05-02 19:53:28 [http-nio-9090-exec-7] INFO  com.customer.mapper.CustomerMapper - Mapping Customer entity to CustomerResponse
2026-05-02 19:53:28 [http-nio-9090-exec-7] INFO  com.customer.mapper.CustomerMapper - Mapping Customer entity to CustomerResponse
2026-05-02 19:53:28 [http-nio-9090-exec-7] INFO  com.customer.mapper.CustomerMapper - Mapping Customer entity to CustomerResponse
2026-05-02 19:53:28 [http-nio-9090-exec-7] INFO  com.customer.mapper.CustomerMapper - Mapping Customer entity to CustomerResponse
2026-05-02 19:53:28 [http-nio-9090-exec-7] INFO  com.customer.mapper.CustomerMapper - Mapping Customer entity to CustomerResponse
2026-05-02 19:53:28 [http-nio-9090-exec-7] INFO  com.customer.mapper.CustomerMapper - Mapping Customer entity to CustomerResponse
2026-05-02 19:53:28 [http-nio-9090-exec-7] INFO  com.customer.mapper.CustomerMapper - Mapping Customer entity to CustomerResponse
2026-05-02 19:53:28 [http-nio-9090-exec-7] INFO  com.customer.mapper.CustomerMapper - Mapping Customer entity to CustomerResponse
2026-05-02 19:53:28 [http-nio-9090-exec-7] INFO  com.customer.mapper.CustomerMapper - Mapping Customer entity to CustomerResponse
2026-05-02 19:53:28 [http-nio-9090-exec-7] INFO  com.customer.mapper.CustomerMapper - Mapping Customer entity to CustomerResponse
2026-05-02 19:53:28 [http-nio-9090-exec-7] INFO  com.customer.mapper.CustomerMapper - Mapping Customer entity to CustomerResponse
2026-05-02 19:53:28 [http-nio-9090-exec-7] INFO  com.customer.mapper.CustomerMapper - Mapping Customer entity to CustomerResponse
2026-05-02 19:53:28 [http-nio-9090-exec-7] INFO  com.customer.mapper.CustomerMapper - Mapping Customer entity to CustomerResponse
2026-05-02 19:53:28 [http-nio-9090-exec-7] INFO  com.customer.mapper.CustomerMapper - Mapping Customer entity to CustomerResponse
2026-05-02 19:53:28 [http-nio-9090-exec-7] INFO  com.customer.mapper.CustomerMapper - Mapping Customer entity to CustomerResponse
2026-05-02 19:53:28 [http-nio-9090-exec-7] INFO  com.customer.mapper.CustomerMapper - Mapping Customer entity to CustomerResponse
2026-05-02 19:53:28 [http-nio-9090-exec-7] INFO  com.customer.mapper.CustomerMapper - Mapping Customer entity to CustomerResponse
2026-05-02 19:53:28 [http-nio-9090-exec-7] INFO  com.customer.mapper.CustomerMapper - Mapping Customer entity to CustomerResponse
2026-05-02 19:53:28 [http-nio-9090-exec-7] INFO  com.customer.mapper.CustomerMapper - Mapping Customer entity to CustomerResponse
2026-05-02 19:53:28 [http-nio-9090-exec-7] INFO  com.customer.mapper.CustomerMapper - Mapping Customer entity to CustomerResponse
2026-05-02 19:53:33 [http-nio-9090-exec-8] INFO  c.c.controller.CustomerController - Entering getAllCustomers method
2026-05-02 19:53:33 [http-nio-9090-exec-8] INFO  c.customer.service.CustomerService - Entering getAllCustomers
2026-05-02 19:53:33 [http-nio-9090-exec-8] INFO  com.customer.mapper.CustomerMapper - Mapping Customer entity to CustomerResponse
2026-05-02 19:53:33 [http-nio-9090-exec-8] INFO  com.customer.mapper.CustomerMapper - Mapping Customer entity to CustomerResponse
2026-05-02 19:53:33 [http-nio-9090-exec-8] INFO  com.customer.mapper.CustomerMapper - Mapping Customer entity to CustomerResponse
2026-05-02 19:53:33 [http-nio-9090-exec-8] INFO  com.customer.mapper.CustomerMapper - Mapping Customer entity to CustomerResponse
2026-05-02 19:53:33 [http-nio-9090-exec-8] INFO  com.customer.mapper.CustomerMapper - Mapping Customer entity to CustomerResponse
2026-05-02 19:53:33 [http-nio-9090-exec-8] INFO  com.customer.mapper.CustomerMapper - Mapping Customer entity to CustomerResponse
2026-05-02 19:53:33 [http-nio-9090-exec-8] INFO  com.customer.mapper.CustomerMapper - Mapping Customer entity to CustomerResponse
2026-05-02 19:53:33 [http-nio-9090-exec-8] INFO  com.customer.mapper.CustomerMapper - Mapping Customer entity to CustomerResponse
2026-05-02 19:53:33 [http-nio-9090-exec-8] INFO  com.customer.mapper.CustomerMapper - Mapping Customer entity to CustomerResponse
2026-05-02 19:53:33 [http-nio-9090-exec-8] INFO  com.customer.mapper.CustomerMapper - Mapping Customer entity to CustomerResponse
2026-05-02 19:53:33 [http-nio-9090-exec-8] INFO  com.customer.mapper.CustomerMapper - Mapping Customer entity to CustomerResponse
2026-05-02 19:53:33 [http-nio-9090-exec-8] INFO  com.customer.mapper.CustomerMapper - Mapping Customer entity to CustomerResponse
2026-05-02 19:53:33 [http-nio-9090-exec-8] INFO  com.customer.mapper.CustomerMapper - Mapping Customer entity to CustomerResponse
2026-05-02 19:53:33 [http-nio-9090-exec-8] INFO  com.customer.mapper.CustomerMapper - Mapping Customer entity to CustomerResponse
2026-05-02 19:53:33 [http-nio-9090-exec-8] INFO  com.customer.mapper.CustomerMapper - Mapping Customer entity to CustomerResponse
2026-05-02 19:53:33 [http-nio-9090-exec-8] INFO  com.customer.mapper.CustomerMapper - Mapping Customer entity to CustomerResponse
2026-05-02 19:53:33 [http-nio-9090-exec-8] INFO  com.customer.mapper.CustomerMapper - Mapping Customer entity to CustomerResponse
2026-05-02 19:53:33 [http-nio-9090-exec-8] INFO  com.customer.mapper.CustomerMapper - Mapping Customer entity to CustomerResponse
2026-05-02 19:53:33 [http-nio-9090-exec-8] INFO  com.customer.mapper.CustomerMapper - Mapping Customer entity to CustomerResponse
2026-05-02 19:53:33 [http-nio-9090-exec-8] INFO  com.customer.mapper.CustomerMapper - Mapping Customer entity to CustomerResponse
2026-05-02 19:53:33 [http-nio-9090-exec-8] INFO  com.customer.mapper.CustomerMapper - Mapping Customer entity to CustomerResponse
2026-05-02 19:53:33 [http-nio-9090-exec-8] INFO  com.customer.mapper.CustomerMapper - Mapping Customer entity to CustomerResponse
2026-05-02 19:53:33 [http-nio-9090-exec-8] INFO  com.customer.mapper.CustomerMapper - Mapping Customer entity to CustomerResponse
2026-05-02 19:53:33 [http-nio-9090-exec-8] INFO  com.customer.mapper.CustomerMapper - Mapping Customer entity to CustomerResponse
2026-05-02 19:53:33 [http-nio-9090-exec-8] INFO  com.customer.mapper.CustomerMapper - Mapping Customer entity to CustomerResponse
2026-05-02 19:53:33 [http-nio-9090-exec-8] INFO  com.customer.mapper.CustomerMapper - Mapping Customer entity to CustomerResponse
2026-05-02 19:53:33 [http-nio-9090-exec-8] INFO  com.customer.mapper.CustomerMapper - Mapping Customer entity to CustomerResponse
2026-05-02 19:53:33 [http-nio-9090-exec-8] INFO  com.customer.mapper.CustomerMapper - Mapping Customer entity to CustomerResponse
2026-05-02 19:53:33 [http-nio-9090-exec-8] INFO  com.customer.mapper.CustomerMapper - Mapping Customer entity to CustomerResponse
2026-05-02 19:53:33 [http-nio-9090-exec-8] INFO  com.customer.mapper.CustomerMapper - Mapping Customer entity to CustomerResponse
2026-05-02 19:53:33 [http-nio-9090-exec-8] INFO  com.customer.mapper.CustomerMapper - Mapping Customer entity to CustomerResponse
2026-05-02 19:53:33 [http-nio-9090-exec-8] INFO  com.customer.mapper.CustomerMapper - Mapping Customer entity to CustomerResponse
2026-05-02 19:53:33 [http-nio-9090-exec-8] INFO  com.customer.mapper.CustomerMapper - Mapping Customer entity to CustomerResponse
2026-05-02 19:53:33 [http-nio-9090-exec-8] INFO  com.customer.mapper.CustomerMapper - Mapping Customer entity to CustomerResponse
2026-05-02 19:53:33 [http-nio-9090-exec-8] INFO  com.customer.mapper.CustomerMapper - Mapping Customer entity to CustomerResponse
2026-05-02 19:53:33 [http-nio-9090-exec-8] INFO  com.customer.mapper.CustomerMapper - Mapping Customer entity to CustomerResponse
2026-05-02 19:53:33 [http-nio-9090-exec-8] INFO  com.customer.mapper.CustomerMapper - Mapping Customer entity to CustomerResponse
2026-05-02 19:53:33 [http-nio-9090-exec-8] INFO  com.customer.mapper.CustomerMapper - Mapping Customer entity to CustomerResponse
2026-05-02 19:53:33 [http-nio-9090-exec-8] INFO  com.customer.mapper.CustomerMapper - Mapping Customer entity to CustomerResponse
2026-05-02 19:53:33 [http-nio-9090-exec-8] INFO  com.customer.mapper.CustomerMapper - Mapping Customer entity to CustomerResponse
2026-05-02 19:53:33 [http-nio-9090-exec-8] INFO  com.customer.mapper.CustomerMapper - Mapping Customer entity to CustomerResponse
2026-05-02 19:53:33 [http-nio-9090-exec-8] INFO  com.customer.mapper.CustomerMapper - Mapping Customer entity to CustomerResponse
2026-05-02 19:53:33 [http-nio-9090-exec-8] INFO  com.customer.mapper.CustomerMapper - Mapping Customer entity to CustomerResponse
2026-05-02 19:53:33 [http-nio-9090-exec-8] INFO  com.customer.mapper.CustomerMapper - Mapping Customer entity to CustomerResponse
2026-05-02 19:53:33 [http-nio-9090-exec-8] INFO  com.customer.mapper.CustomerMapper - Mapping Customer entity to CustomerResponse
2026-05-02 19:53:33 [http-nio-9090-exec-8] INFO  com.customer.mapper.CustomerMapper - Mapping Customer entity to CustomerResponse
2026-05-02 19:53:33 [http-nio-9090-exec-8] INFO  com.customer.mapper.CustomerMapper - Mapping Customer entity to CustomerResponse
2026-05-02 19:53:33 [http-nio-9090-exec-8] INFO  com.customer.mapper.CustomerMapper - Mapping Customer entity to CustomerResponse
2026-05-02 19:53:33 [http-nio-9090-exec-8] INFO  com.customer.mapper.CustomerMapper - Mapping Customer entity to CustomerResponse
2026-05-02 19:53:33 [http-nio-9090-exec-8] INFO  com.customer.mapper.CustomerMapper - Mapping Customer entity to CustomerResponse
2026-05-02 19:53:33 [http-nio-9090-exec-8] INFO  com.customer.mapper.CustomerMapper - Mapping Customer entity to CustomerResponse
2026-05-02 19:53:33 [http-nio-9090-exec-8] INFO  com.customer.mapper.CustomerMapper - Mapping Customer entity to CustomerResponse
2026-05-02 19:53:33 [http-nio-9090-exec-8] INFO  com.customer.mapper.CustomerMapper - Mapping Customer entity to CustomerResponse
2026-05-02 19:53:33 [http-nio-9090-exec-8] INFO  com.customer.mapper.CustomerMapper - Mapping Customer entity to CustomerResponse
2026-05-02 19:53:33 [http-nio-9090-exec-8] INFO  com.customer.mapper.CustomerMapper - Mapping Customer entity to CustomerResponse
2026-05-02 19:53:33 [http-nio-9090-exec-8] INFO  com.customer.mapper.CustomerMapper - Mapping Customer entity to CustomerResponse
2026-05-02 19:53:33 [http-nio-9090-exec-8] INFO  com.customer.mapper.CustomerMapper - Mapping Customer entity to CustomerResponse
2026-05-02 19:53:33 [http-nio-9090-exec-8] INFO  com.customer.mapper.CustomerMapper - Mapping Customer entity to CustomerResponse
2026-05-02 19:53:33 [http-nio-9090-exec-8] INFO  com.customer.mapper.CustomerMapper - Mapping Customer entity to CustomerResponse
2026-05-02 19:53:33 [http-nio-9090-exec-8] INFO  com.customer.mapper.CustomerMapper - Mapping Customer entity to CustomerResponse
2026-05-02 19:53:33 [http-nio-9090-exec-8] INFO  com.customer.mapper.CustomerMapper - Mapping Customer entity to CustomerResponse
2026-05-02 19:55:12 [SpringApplicationShutdownHook] INFO  o.a.k.clients.producer.KafkaProducer - [Producer clientId=producer-1] Closing the Kafka producer with timeoutMillis = 30000 ms.
2026-05-02 19:55:12 [SpringApplicationShutdownHook] INFO  o.a.kafka.common.metrics.Metrics - Metrics scheduler closed
2026-05-02 19:55:12 [SpringApplicationShutdownHook] INFO  o.a.kafka.common.metrics.Metrics - Closing reporter org.apache.kafka.common.metrics.JmxReporter
2026-05-02 19:55:12 [SpringApplicationShutdownHook] INFO  o.a.kafka.common.metrics.Metrics - Metrics reporters closed
2026-05-02 19:55:12 [SpringApplicationShutdownHook] INFO  o.a.kafka.common.utils.AppInfoParser - App info kafka.producer for producer-1 unregistered
2026-05-02 19:55:12 [SpringApplicationShutdownHook] INFO  o.s.o.j.LocalContainerEntityManagerFactoryBean - Closing JPA EntityManagerFactory for persistence unit 'default'
2026-05-02 19:55:12 [SpringApplicationShutdownHook] INFO  com.zaxxer.hikari.HikariDataSource - HikariPool-1 - Shutdown initiated...
2026-05-02 19:55:12 [SpringApplicationShutdownHook] INFO  com.zaxxer.hikari.HikariDataSource - HikariPool-1 - Shutdown completed.
2026-05-02 19:55:17 [main] INFO  c.c.CustomerServiceApplication - Starting CustomerServiceApplication v1.0 using Java 17.0.18 with PID 1 (/app/app.jar started by root in /app)
2026-05-02 19:55:17 [main] DEBUG c.c.CustomerServiceApplication - Running with Spring Boot v3.2.5, Spring v6.1.6
2026-05-02 19:55:17 [main] INFO  c.c.CustomerServiceApplication - No active profile set, falling back to 1 default profile: "default"
2026-05-02 19:55:19 [main] INFO  o.s.d.r.c.RepositoryConfigurationDelegate - Multiple Spring Data modules found, entering strict repository configuration mode
2026-05-02 19:55:19 [main] INFO  o.s.d.r.c.RepositoryConfigurationDelegate - Bootstrapping Spring Data JDBC repositories in DEFAULT mode.
2026-05-02 19:55:19 [main] INFO  o.s.d.r.c.RepositoryConfigurationExtensionSupport - Spring Data JDBC - Could not safely identify store assignment for repository candidate interface com.customer.repository.CustomerRepository; If you want this repository to be a JDBC repository, consider annotating your entities with one of these annotations: org.springframework.data.relational.core.mapping.Table.
2026-05-02 19:55:19 [main] INFO  o.s.d.r.c.RepositoryConfigurationDelegate - Finished Spring Data repository scanning in 84 ms. Found 0 JDBC repository interfaces.
2026-05-02 19:55:19 [main] INFO  o.s.d.r.c.RepositoryConfigurationDelegate - Multiple Spring Data modules found, entering strict repository configuration mode
2026-05-02 19:55:19 [main] INFO  o.s.d.r.c.RepositoryConfigurationDelegate - Bootstrapping Spring Data JPA repositories in DEFAULT mode.
2026-05-02 19:55:20 [main] INFO  o.s.d.r.c.RepositoryConfigurationDelegate - Finished Spring Data repository scanning in 52 ms. Found 1 JPA repository interface.
2026-05-02 19:55:21 [main] INFO  o.s.b.w.e.tomcat.TomcatWebServer - Tomcat initialized with port 9090 (http)
2026-05-02 19:55:21 [main] INFO  o.a.catalina.core.StandardService - Starting service [Tomcat]
2026-05-02 19:55:21 [main] INFO  o.a.catalina.core.StandardEngine - Starting Servlet engine: [Apache Tomcat/10.1.20]
2026-05-02 19:55:21 [main] INFO  o.a.c.c.C.[Tomcat].[localhost].[/] - Initializing Spring embedded WebApplicationContext
2026-05-02 19:55:21 [main] INFO  o.s.b.w.s.c.ServletWebServerApplicationContext - Root WebApplicationContext: initialization completed in 3055 ms
2026-05-02 19:55:21 [main] INFO  o.h.jpa.internal.util.LogHelper - HHH000204: Processing PersistenceUnitInfo [name: default]
2026-05-02 19:55:21 [main] INFO  org.hibernate.Version - HHH000412: Hibernate ORM core version 6.4.4.Final
2026-05-02 19:55:21 [main] INFO  o.h.c.i.RegionFactoryInitiator - HHH000026: Second-level cache disabled
2026-05-02 19:55:21 [main] INFO  o.s.o.j.p.SpringPersistenceUnitInfo - No LoadTimeWeaver setup: ignoring JPA class transformer
2026-05-02 19:55:21 [main] INFO  com.zaxxer.hikari.HikariDataSource - HikariPool-1 - Starting...
2026-05-02 19:55:22 [main] INFO  com.zaxxer.hikari.pool.HikariPool - HikariPool-1 - Added connection com.mysql.cj.jdbc.ConnectionImpl@63dc3420
2026-05-02 19:55:22 [main] INFO  com.zaxxer.hikari.HikariDataSource - HikariPool-1 - Start completed.
2026-05-02 19:55:23 [main] INFO  o.h.e.t.j.p.i.JtaPlatformInitiator - HHH000489: No JTA platform available (set 'hibernate.transaction.jta.platform' to enable JTA platform integration)
2026-05-02 19:55:23 [main] INFO  o.s.o.j.LocalContainerEntityManagerFactoryBean - Initialized JPA EntityManagerFactory for persistence unit 'default'
2026-05-02 19:55:24 [main] WARN  o.s.b.a.o.j.JpaBaseConfiguration$JpaWebConfiguration - spring.jpa.open-in-view is enabled by default. Therefore, database queries may be performed during view rendering. Explicitly configure spring.jpa.open-in-view to disable this warning
2026-05-02 19:55:25 [main] INFO  o.s.b.w.e.tomcat.TomcatWebServer - Tomcat started on port 9090 (http) with context path ''
2026-05-02 19:55:25 [main] INFO  c.c.CustomerServiceApplication - Started CustomerServiceApplication in 8.685 seconds (process running for 9.885)
2026-05-02 19:55:38 [http-nio-9090-exec-1] INFO  o.a.c.c.C.[Tomcat].[localhost].[/] - Initializing Spring DispatcherServlet 'dispatcherServlet'
2026-05-02 19:55:38 [http-nio-9090-exec-1] INFO  o.s.web.servlet.DispatcherServlet - Initializing Servlet 'dispatcherServlet'
2026-05-02 19:55:38 [http-nio-9090-exec-1] INFO  o.s.web.servlet.DispatcherServlet - Completed initialization in 2 ms
2026-05-02 19:55:38 [http-nio-9090-exec-1] INFO  c.c.controller.CustomerController - Entering getAllCustomers method
2026-05-02 19:55:38 [http-nio-9090-exec-1] INFO  c.customer.service.CustomerService - Entering getAllCustomers
2026-05-02 19:55:38 [http-nio-9090-exec-1] INFO  com.customer.mapper.CustomerMapper - Mapping Customer entity to CustomerResponse
2026-05-02 19:55:38 [http-nio-9090-exec-1] INFO  com.customer.mapper.CustomerMapper - Mapping Customer entity to CustomerResponse
2026-05-02 19:55:38 [http-nio-9090-exec-1] INFO  com.customer.mapper.CustomerMapper - Mapping Customer entity to CustomerResponse
2026-05-02 19:55:38 [http-nio-9090-exec-1] INFO  com.customer.mapper.CustomerMapper - Mapping Customer entity to CustomerResponse
2026-05-02 19:55:38 [http-nio-9090-exec-1] INFO  com.customer.mapper.CustomerMapper - Mapping Customer entity to CustomerResponse
2026-05-02 19:55:38 [http-nio-9090-exec-1] INFO  com.customer.mapper.CustomerMapper - Mapping Customer entity to CustomerResponse
2026-05-02 19:55:38 [http-nio-9090-exec-1] INFO  com.customer.mapper.CustomerMapper - Mapping Customer entity to CustomerResponse
2026-05-02 19:55:38 [http-nio-9090-exec-1] INFO  com.customer.mapper.CustomerMapper - Mapping Customer entity to CustomerResponse
2026-05-02 19:55:38 [http-nio-9090-exec-1] INFO  com.customer.mapper.CustomerMapper - Mapping Customer entity to CustomerResponse
2026-05-02 19:55:38 [http-nio-9090-exec-1] INFO  com.customer.mapper.CustomerMapper - Mapping Customer entity to CustomerResponse
2026-05-02 19:55:38 [http-nio-9090-exec-1] INFO  com.customer.mapper.CustomerMapper - Mapping Customer entity to CustomerResponse
2026-05-02 19:55:38 [http-nio-9090-exec-1] INFO  com.customer.mapper.CustomerMapper - Mapping Customer entity to CustomerResponse
2026-05-02 19:55:38 [http-nio-9090-exec-1] INFO  com.customer.mapper.CustomerMapper - Mapping Customer entity to CustomerResponse
2026-05-02 19:55:38 [http-nio-9090-exec-1] INFO  com.customer.mapper.CustomerMapper - Mapping Customer entity to CustomerResponse
2026-05-02 19:55:38 [http-nio-9090-exec-1] INFO  com.customer.mapper.CustomerMapper - Mapping Customer entity to CustomerResponse
2026-05-02 19:55:38 [http-nio-9090-exec-1] INFO  com.customer.mapper.CustomerMapper - Mapping Customer entity to CustomerResponse
2026-05-02 19:55:38 [http-nio-9090-exec-1] INFO  com.customer.mapper.CustomerMapper - Mapping Customer entity to CustomerResponse
2026-05-02 19:55:38 [http-nio-9090-exec-1] INFO  com.customer.mapper.CustomerMapper - Mapping Customer entity to CustomerResponse
2026-05-02 19:55:38 [http-nio-9090-exec-1] INFO  com.customer.mapper.CustomerMapper - Mapping Customer entity to CustomerResponse
2026-05-02 19:55:38 [http-nio-9090-exec-1] INFO  com.customer.mapper.CustomerMapper - Mapping Customer entity to CustomerResponse
2026-05-02 19:55:38 [http-nio-9090-exec-1] INFO  com.customer.mapper.CustomerMapper - Mapping Customer entity to CustomerResponse
2026-05-02 19:55:38 [http-nio-9090-exec-1] INFO  com.customer.mapper.CustomerMapper - Mapping Customer entity to CustomerResponse
2026-05-02 19:55:38 [http-nio-9090-exec-1] INFO  com.customer.mapper.CustomerMapper - Mapping Customer entity to CustomerResponse
2026-05-02 19:55:38 [http-nio-9090-exec-1] INFO  com.customer.mapper.CustomerMapper - Mapping Customer entity to CustomerResponse
2026-05-02 19:55:38 [http-nio-9090-exec-1] INFO  com.customer.mapper.CustomerMapper - Mapping Customer entity to CustomerResponse
2026-05-02 19:55:38 [http-nio-9090-exec-1] INFO  com.customer.mapper.CustomerMapper - Mapping Customer entity to CustomerResponse
2026-05-02 19:55:38 [http-nio-9090-exec-1] INFO  com.customer.mapper.CustomerMapper - Mapping Customer entity to CustomerResponse
2026-05-02 19:55:38 [http-nio-9090-exec-1] INFO  com.customer.mapper.CustomerMapper - Mapping Customer entity to CustomerResponse
2026-05-02 19:55:38 [http-nio-9090-exec-1] INFO  com.customer.mapper.CustomerMapper - Mapping Customer entity to CustomerResponse
2026-05-02 19:55:38 [http-nio-9090-exec-1] INFO  com.customer.mapper.CustomerMapper - Mapping Customer entity to CustomerResponse
2026-05-02 19:55:38 [http-nio-9090-exec-1] INFO  com.customer.mapper.CustomerMapper - Mapping Customer entity to CustomerResponse
2026-05-02 19:55:38 [http-nio-9090-exec-1] INFO  com.customer.mapper.CustomerMapper - Mapping Customer entity to CustomerResponse
2026-05-02 19:55:38 [http-nio-9090-exec-1] INFO  com.customer.mapper.CustomerMapper - Mapping Customer entity to CustomerResponse
2026-05-02 19:55:38 [http-nio-9090-exec-1] INFO  com.customer.mapper.CustomerMapper - Mapping Customer entity to CustomerResponse
2026-05-02 19:55:38 [http-nio-9090-exec-1] INFO  com.customer.mapper.CustomerMapper - Mapping Customer entity to CustomerResponse
2026-05-02 19:55:38 [http-nio-9090-exec-1] INFO  com.customer.mapper.CustomerMapper - Mapping Customer entity to CustomerResponse
2026-05-02 19:55:38 [http-nio-9090-exec-1] INFO  com.customer.mapper.CustomerMapper - Mapping Customer entity to CustomerResponse
2026-05-02 19:55:38 [http-nio-9090-exec-1] INFO  com.customer.mapper.CustomerMapper - Mapping Customer entity to CustomerResponse
2026-05-02 19:55:38 [http-nio-9090-exec-1] INFO  com.customer.mapper.CustomerMapper - Mapping Customer entity to CustomerResponse
2026-05-02 19:55:38 [http-nio-9090-exec-1] INFO  com.customer.mapper.CustomerMapper - Mapping Customer entity to CustomerResponse
2026-05-02 19:55:38 [http-nio-9090-exec-1] INFO  com.customer.mapper.CustomerMapper - Mapping Customer entity to CustomerResponse
2026-05-02 19:55:38 [http-nio-9090-exec-1] INFO  com.customer.mapper.CustomerMapper - Mapping Customer entity to CustomerResponse
2026-05-02 19:55:38 [http-nio-9090-exec-1] INFO  com.customer.mapper.CustomerMapper - Mapping Customer entity to CustomerResponse
2026-05-02 19:55:38 [http-nio-9090-exec-1] INFO  com.customer.mapper.CustomerMapper - Mapping Customer entity to CustomerResponse
2026-05-02 19:55:38 [http-nio-9090-exec-1] INFO  com.customer.mapper.CustomerMapper - Mapping Customer entity to CustomerResponse
2026-05-02 19:55:38 [http-nio-9090-exec-1] INFO  com.customer.mapper.CustomerMapper - Mapping Customer entity to CustomerResponse
2026-05-02 19:55:38 [http-nio-9090-exec-1] INFO  com.customer.mapper.CustomerMapper - Mapping Customer entity to CustomerResponse
2026-05-02 19:55:38 [http-nio-9090-exec-1] INFO  com.customer.mapper.CustomerMapper - Mapping Customer entity to CustomerResponse
2026-05-02 19:55:38 [http-nio-9090-exec-1] INFO  com.customer.mapper.CustomerMapper - Mapping Customer entity to CustomerResponse
2026-05-02 19:55:38 [http-nio-9090-exec-1] INFO  com.customer.mapper.CustomerMapper - Mapping Customer entity to CustomerResponse
2026-05-02 19:55:38 [http-nio-9090-exec-1] INFO  com.customer.mapper.CustomerMapper - Mapping Customer entity to CustomerResponse
2026-05-02 19:55:38 [http-nio-9090-exec-1] INFO  com.customer.mapper.CustomerMapper - Mapping Customer entity to CustomerResponse
2026-05-02 19:55:38 [http-nio-9090-exec-1] INFO  com.customer.mapper.CustomerMapper - Mapping Customer entity to CustomerResponse
2026-05-02 19:55:38 [http-nio-9090-exec-1] INFO  com.customer.mapper.CustomerMapper - Mapping Customer entity to CustomerResponse
2026-05-02 19:55:38 [http-nio-9090-exec-1] INFO  com.customer.mapper.CustomerMapper - Mapping Customer entity to CustomerResponse
2026-05-02 19:55:38 [http-nio-9090-exec-1] INFO  com.customer.mapper.CustomerMapper - Mapping Customer entity to CustomerResponse
2026-05-02 19:55:38 [http-nio-9090-exec-1] INFO  com.customer.mapper.CustomerMapper - Mapping Customer entity to CustomerResponse
2026-05-02 19:55:38 [http-nio-9090-exec-1] INFO  com.customer.mapper.CustomerMapper - Mapping Customer entity to CustomerResponse
2026-05-02 19:55:38 [http-nio-9090-exec-1] INFO  com.customer.mapper.CustomerMapper - Mapping Customer entity to CustomerResponse
2026-05-02 19:55:38 [http-nio-9090-exec-1] INFO  com.customer.mapper.CustomerMapper - Mapping Customer entity to CustomerResponse
2026-05-02 19:55:38 [http-nio-9090-exec-1] INFO  com.customer.mapper.CustomerMapper - Mapping Customer entity to CustomerResponse
2026-05-02 19:55:44 [http-nio-9090-exec-2] INFO  c.c.controller.CustomerController - Entering getAllCustomers method
2026-05-02 19:55:44 [http-nio-9090-exec-2] INFO  c.customer.service.CustomerService - Entering getAllCustomers
2026-05-02 19:55:44 [http-nio-9090-exec-2] INFO  com.customer.mapper.CustomerMapper - Mapping Customer entity to CustomerResponse
2026-05-02 19:55:44 [http-nio-9090-exec-2] INFO  com.customer.mapper.CustomerMapper - Mapping Customer entity to CustomerResponse
2026-05-02 19:55:44 [http-nio-9090-exec-2] INFO  com.customer.mapper.CustomerMapper - Mapping Customer entity to CustomerResponse
2026-05-02 19:55:44 [http-nio-9090-exec-2] INFO  com.customer.mapper.CustomerMapper - Mapping Customer entity to CustomerResponse
2026-05-02 19:55:44 [http-nio-9090-exec-2] INFO  com.customer.mapper.CustomerMapper - Mapping Customer entity to CustomerResponse
2026-05-02 19:55:44 [http-nio-9090-exec-2] INFO  com.customer.mapper.CustomerMapper - Mapping Customer entity to CustomerResponse
2026-05-02 19:55:44 [http-nio-9090-exec-2] INFO  com.customer.mapper.CustomerMapper - Mapping Customer entity to CustomerResponse
2026-05-02 19:55:44 [http-nio-9090-exec-2] INFO  com.customer.mapper.CustomerMapper - Mapping Customer entity to CustomerResponse
2026-05-02 19:55:44 [http-nio-9090-exec-2] INFO  com.customer.mapper.CustomerMapper - Mapping Customer entity to CustomerResponse
2026-05-02 19:55:44 [http-nio-9090-exec-2] INFO  com.customer.mapper.CustomerMapper - Mapping Customer entity to CustomerResponse
2026-05-02 19:55:44 [http-nio-9090-exec-2] INFO  com.customer.mapper.CustomerMapper - Mapping Customer entity to CustomerResponse
2026-05-02 19:55:44 [http-nio-9090-exec-2] INFO  com.customer.mapper.CustomerMapper - Mapping Customer entity to CustomerResponse
2026-05-02 19:55:44 [http-nio-9090-exec-2] INFO  com.customer.mapper.CustomerMapper - Mapping Customer entity to CustomerResponse
2026-05-02 19:55:44 [http-nio-9090-exec-2] INFO  com.customer.mapper.CustomerMapper - Mapping Customer entity to CustomerResponse
2026-05-02 19:55:44 [http-nio-9090-exec-2] INFO  com.customer.mapper.CustomerMapper - Mapping Customer entity to CustomerResponse
2026-05-02 19:55:44 [http-nio-9090-exec-2] INFO  com.customer.mapper.CustomerMapper - Mapping Customer entity to CustomerResponse
2026-05-02 19:55:44 [http-nio-9090-exec-2] INFO  com.customer.mapper.CustomerMapper - Mapping Customer entity to CustomerResponse
2026-05-02 19:55:44 [http-nio-9090-exec-2] INFO  com.customer.mapper.CustomerMapper - Mapping Customer entity to CustomerResponse
2026-05-02 19:55:44 [http-nio-9090-exec-2] INFO  com.customer.mapper.CustomerMapper - Mapping Customer entity to CustomerResponse
2026-05-02 19:55:44 [http-nio-9090-exec-2] INFO  com.customer.mapper.CustomerMapper - Mapping Customer entity to CustomerResponse
2026-05-02 19:55:44 [http-nio-9090-exec-2] INFO  com.customer.mapper.CustomerMapper - Mapping Customer entity to CustomerResponse
2026-05-02 19:55:44 [http-nio-9090-exec-2] INFO  com.customer.mapper.CustomerMapper - Mapping Customer entity to CustomerResponse
2026-05-02 19:55:44 [http-nio-9090-exec-2] INFO  com.customer.mapper.CustomerMapper - Mapping Customer entity to CustomerResponse
2026-05-02 19:55:44 [http-nio-9090-exec-2] INFO  com.customer.mapper.CustomerMapper - Mapping Customer entity to CustomerResponse
2026-05-02 19:55:44 [http-nio-9090-exec-2] INFO  com.customer.mapper.CustomerMapper - Mapping Customer entity to CustomerResponse
2026-05-02 19:55:44 [http-nio-9090-exec-2] INFO  com.customer.mapper.CustomerMapper - Mapping Customer entity to CustomerResponse
2026-05-02 19:55:44 [http-nio-9090-exec-2] INFO  com.customer.mapper.CustomerMapper - Mapping Customer entity to CustomerResponse
2026-05-02 19:55:44 [http-nio-9090-exec-2] INFO  com.customer.mapper.CustomerMapper - Mapping Customer entity to CustomerResponse
2026-05-02 19:55:44 [http-nio-9090-exec-2] INFO  com.customer.mapper.CustomerMapper - Mapping Customer entity to CustomerResponse
2026-05-02 19:55:44 [http-nio-9090-exec-2] INFO  com.customer.mapper.CustomerMapper - Mapping Customer entity to CustomerResponse
2026-05-02 19:55:44 [http-nio-9090-exec-2] INFO  com.customer.mapper.CustomerMapper - Mapping Customer entity to CustomerResponse
2026-05-02 19:55:44 [http-nio-9090-exec-2] INFO  com.customer.mapper.CustomerMapper - Mapping Customer entity to CustomerResponse
2026-05-02 19:55:44 [http-nio-9090-exec-2] INFO  com.customer.mapper.CustomerMapper - Mapping Customer entity to CustomerResponse
2026-05-02 19:55:44 [http-nio-9090-exec-2] INFO  com.customer.mapper.CustomerMapper - Mapping Customer entity to CustomerResponse
2026-05-02 19:55:44 [http-nio-9090-exec-2] INFO  com.customer.mapper.CustomerMapper - Mapping Customer entity to CustomerResponse
2026-05-02 19:55:44 [http-nio-9090-exec-2] INFO  com.customer.mapper.CustomerMapper - Mapping Customer entity to CustomerResponse
2026-05-02 19:55:44 [http-nio-9090-exec-2] INFO  com.customer.mapper.CustomerMapper - Mapping Customer entity to CustomerResponse
2026-05-02 19:55:44 [http-nio-9090-exec-2] INFO  com.customer.mapper.CustomerMapper - Mapping Customer entity to CustomerResponse
2026-05-02 19:55:44 [http-nio-9090-exec-2] INFO  com.customer.mapper.CustomerMapper - Mapping Customer entity to CustomerResponse
2026-05-02 19:55:44 [http-nio-9090-exec-2] INFO  com.customer.mapper.CustomerMapper - Mapping Customer entity to CustomerResponse
2026-05-02 19:55:44 [http-nio-9090-exec-2] INFO  com.customer.mapper.CustomerMapper - Mapping Customer entity to CustomerResponse
2026-05-02 19:55:44 [http-nio-9090-exec-2] INFO  com.customer.mapper.CustomerMapper - Mapping Customer entity to CustomerResponse
2026-05-02 19:55:44 [http-nio-9090-exec-2] INFO  com.customer.mapper.CustomerMapper - Mapping Customer entity to CustomerResponse
2026-05-02 19:55:44 [http-nio-9090-exec-2] INFO  com.customer.mapper.CustomerMapper - Mapping Customer entity to CustomerResponse
2026-05-02 19:55:44 [http-nio-9090-exec-2] INFO  com.customer.mapper.CustomerMapper - Mapping Customer entity to CustomerResponse
2026-05-02 19:55:44 [http-nio-9090-exec-2] INFO  com.customer.mapper.CustomerMapper - Mapping Customer entity to CustomerResponse
2026-05-02 19:55:44 [http-nio-9090-exec-2] INFO  com.customer.mapper.CustomerMapper - Mapping Customer entity to CustomerResponse
2026-05-02 19:55:44 [http-nio-9090-exec-2] INFO  com.customer.mapper.CustomerMapper - Mapping Customer entity to CustomerResponse
2026-05-02 19:55:44 [http-nio-9090-exec-2] INFO  com.customer.mapper.CustomerMapper - Mapping Customer entity to CustomerResponse
2026-05-02 19:55:44 [http-nio-9090-exec-2] INFO  com.customer.mapper.CustomerMapper - Mapping Customer entity to CustomerResponse
2026-05-02 19:55:44 [http-nio-9090-exec-2] INFO  com.customer.mapper.CustomerMapper - Mapping Customer entity to CustomerResponse
2026-05-02 19:55:44 [http-nio-9090-exec-2] INFO  com.customer.mapper.CustomerMapper - Mapping Customer entity to CustomerResponse
2026-05-02 19:55:44 [http-nio-9090-exec-2] INFO  com.customer.mapper.CustomerMapper - Mapping Customer entity to CustomerResponse
2026-05-02 19:55:44 [http-nio-9090-exec-2] INFO  com.customer.mapper.CustomerMapper - Mapping Customer entity to CustomerResponse
2026-05-02 19:55:44 [http-nio-9090-exec-2] INFO  com.customer.mapper.CustomerMapper - Mapping Customer entity to CustomerResponse
2026-05-02 19:55:44 [http-nio-9090-exec-2] INFO  com.customer.mapper.CustomerMapper - Mapping Customer entity to CustomerResponse
2026-05-02 19:55:44 [http-nio-9090-exec-2] INFO  com.customer.mapper.CustomerMapper - Mapping Customer entity to CustomerResponse
2026-05-02 19:55:44 [http-nio-9090-exec-2] INFO  com.customer.mapper.CustomerMapper - Mapping Customer entity to CustomerResponse
2026-05-02 19:55:44 [http-nio-9090-exec-2] INFO  com.customer.mapper.CustomerMapper - Mapping Customer entity to CustomerResponse
2026-05-02 19:55:44 [http-nio-9090-exec-2] INFO  com.customer.mapper.CustomerMapper - Mapping Customer entity to CustomerResponse
2026-05-02 19:55:44 [http-nio-9090-exec-2] INFO  com.customer.mapper.CustomerMapper - Mapping Customer entity to CustomerResponse
2026-05-02 19:55:55 [http-nio-9090-exec-4] DEBUG com.customer.dto.CustomerRequest - Setting name to: Sahitha
2026-05-02 19:55:55 [http-nio-9090-exec-4] DEBUG com.customer.dto.CustomerRequest - Setting email to: sahitha@gmail.com
2026-05-02 19:55:55 [http-nio-9090-exec-4] DEBUG com.customer.dto.CustomerRequest - Setting phone to: 09876543
2026-05-02 19:55:55 [http-nio-9090-exec-4] INFO  c.c.controller.CustomerController - Entering createCustomer method
2026-05-02 19:55:55 [http-nio-9090-exec-4] INFO  com.customer.mapper.CustomerMapper - Mapping CustomerRequest to Customer entity
2026-05-02 19:55:55 [http-nio-9090-exec-4] INFO  c.customer.service.CustomerService - Entering createCustomer with customer: Customer(id=null, name=Sahitha, email=sahitha@gmail.com, phone=09876543, kycStatus=null, createdAt=null)
2026-05-02 19:55:55 [http-nio-9090-exec-4] INFO  c.customer.service.CustomerService - Customer created with id: 62
2026-05-02 19:55:55 [http-nio-9090-exec-4] INFO  o.a.k.c.producer.ProducerConfig - ProducerConfig values: 
	acks = -1
	auto.include.jmx.reporter = true
	batch.size = 16384
	bootstrap.servers = [kafka:9092]
	buffer.memory = 33554432
	client.dns.lookup = use_all_dns_ips
	client.id = producer-1
	compression.type = none
	connections.max.idle.ms = 540000
	delivery.timeout.ms = 120000
	enable.idempotence = true
	interceptor.classes = []
	key.serializer = class org.apache.kafka.common.serialization.StringSerializer
	linger.ms = 0
	max.block.ms = 60000
	max.in.flight.requests.per.connection = 5
	max.request.size = 1048576
	metadata.max.age.ms = 300000
	metadata.max.idle.ms = 300000
	metric.reporters = []
	metrics.num.samples = 2
	metrics.recording.level = INFO
	metrics.sample.window.ms = 30000
	partitioner.adaptive.partitioning.enable = true
	partitioner.availability.timeout.ms = 0
	partitioner.class = null
	partitioner.ignore.keys = false
	receive.buffer.bytes = 32768
	reconnect.backoff.max.ms = 1000
	reconnect.backoff.ms = 50
	request.timeout.ms = 30000
	retries = 2147483647
	retry.backoff.ms = 100
	sasl.client.callback.handler.class = null
	sasl.jaas.config = null
	sasl.kerberos.kinit.cmd = /usr/bin/kinit
	sasl.kerberos.min.time.before.relogin = 60000
	sasl.kerberos.service.name = null
	sasl.kerberos.ticket.renew.jitter = 0.05
	sasl.kerberos.ticket.renew.window.factor = 0.8
	sasl.login.callback.handler.class = null
	sasl.login.class = null
	sasl.login.connect.timeout.ms = null
	sasl.login.read.timeout.ms = null
	sasl.login.refresh.buffer.seconds = 300
	sasl.login.refresh.min.period.seconds = 60
	sasl.login.refresh.window.factor = 0.8
	sasl.login.refresh.window.jitter = 0.05
	sasl.login.retry.backoff.max.ms = 10000
	sasl.login.retry.backoff.ms = 100
	sasl.mechanism = GSSAPI
	sasl.oauthbearer.clock.skew.seconds = 30
	sasl.oauthbearer.expected.audience = null
	sasl.oauthbearer.expected.issuer = null
	sasl.oauthbearer.jwks.endpoint.refresh.ms = 3600000
	sasl.oauthbearer.jwks.endpoint.retry.backoff.max.ms = 10000
	sasl.oauthbearer.jwks.endpoint.retry.backoff.ms = 100
	sasl.oauthbearer.jwks.endpoint.url = null
	sasl.oauthbearer.scope.claim.name = scope
	sasl.oauthbearer.sub.claim.name = sub
	sasl.oauthbearer.token.endpoint.url = null
	security.protocol = PLAINTEXT
	security.providers = null
	send.buffer.bytes = 131072
	socket.connection.setup.timeout.max.ms = 30000
	socket.connection.setup.timeout.ms = 10000
	ssl.cipher.suites = null
	ssl.enabled.protocols = [TLSv1.2, TLSv1.3]
	ssl.endpoint.identification.algorithm = https
	ssl.engine.factory.class = null
	ssl.key.password = null
	ssl.keymanager.algorithm = SunX509
	ssl.keystore.certificate.chain = null
	ssl.keystore.key = null
	ssl.keystore.location = null
	ssl.keystore.password = null
	ssl.keystore.type = JKS
	ssl.protocol = TLSv1.3
	ssl.provider = null
	ssl.secure.random.implementation = null
	ssl.trustmanager.algorithm = PKIX
	ssl.truststore.certificates = null
	ssl.truststore.location = null
	ssl.truststore.password = null
	ssl.truststore.type = JKS
	transaction.timeout.ms = 60000
	transactional.id = null
	value.serializer = class org.apache.kafka.common.serialization.StringSerializer

2026-05-02 19:55:55 [http-nio-9090-exec-4] INFO  o.a.k.clients.producer.KafkaProducer - [Producer clientId=producer-1] Instantiated an idempotent producer.
2026-05-02 19:55:55 [http-nio-9090-exec-4] INFO  o.a.kafka.common.utils.AppInfoParser - Kafka version: 3.6.2
2026-05-02 19:55:55 [http-nio-9090-exec-4] INFO  o.a.kafka.common.utils.AppInfoParser - Kafka commitId: c4deed513057c94e
2026-05-02 19:55:55 [http-nio-9090-exec-4] INFO  o.a.kafka.common.utils.AppInfoParser - Kafka startTimeMs: 1777751755489
2026-05-02 19:55:55 [kafka-producer-network-thread | producer-1] INFO  org.apache.kafka.clients.Metadata - [Producer clientId=producer-1] Cluster ID: qW5_AgktQkGAaq17muzjAw
2026-05-02 19:55:55 [kafka-producer-network-thread | producer-1] INFO  o.a.k.c.p.i.TransactionManager - [Producer clientId=producer-1] ProducerId set to 1 with epoch 0
2026-05-02 19:55:55 [http-nio-9090-exec-4] INFO  c.c.service.CustomerEventProducer - Published CUSTOMER_CREATED to topic customer-events: {"eventId":"3d695ddc-0171-498b-92da-7743e81d7e36","eventType":"CUSTOMER_CREATED","customerId":62,"email":"sahitha@gmail.com","name":"Sahitha","kycStatus":"PENDING","timestamp":"2026-05-02T19:55:55.322769391"}
2026-05-02 19:55:55 [http-nio-9090-exec-4] INFO  c.c.controller.CustomerController - Customer created successfully
2026-05-02 19:55:55 [http-nio-9090-exec-4] INFO  com.customer.mapper.CustomerMapper - Mapping Customer entity to CustomerResponse
2026-05-02 19:55:55 [http-nio-9090-exec-5] INFO  c.c.controller.CustomerController - Entering getAllCustomers method
2026-05-02 19:55:55 [http-nio-9090-exec-5] INFO  c.customer.service.CustomerService - Entering getAllCustomers
2026-05-02 19:55:56 [http-nio-9090-exec-5] INFO  com.customer.mapper.CustomerMapper - Mapping Customer entity to CustomerResponse
2026-05-02 19:55:56 [http-nio-9090-exec-5] INFO  com.customer.mapper.CustomerMapper - Mapping Customer entity to CustomerResponse
2026-05-02 19:55:56 [http-nio-9090-exec-5] INFO  com.customer.mapper.CustomerMapper - Mapping Customer entity to CustomerResponse
2026-05-02 19:55:56 [http-nio-9090-exec-5] INFO  com.customer.mapper.CustomerMapper - Mapping Customer entity to CustomerResponse
2026-05-02 19:55:56 [http-nio-9090-exec-5] INFO  com.customer.mapper.CustomerMapper - Mapping Customer entity to CustomerResponse
2026-05-02 19:55:56 [http-nio-9090-exec-5] INFO  com.customer.mapper.CustomerMapper - Mapping Customer entity to CustomerResponse
2026-05-02 19:55:56 [http-nio-9090-exec-5] INFO  com.customer.mapper.CustomerMapper - Mapping Customer entity to CustomerResponse
2026-05-02 19:55:56 [http-nio-9090-exec-5] INFO  com.customer.mapper.CustomerMapper - Mapping Customer entity to CustomerResponse
2026-05-02 19:55:56 [http-nio-9090-exec-5] INFO  com.customer.mapper.CustomerMapper - Mapping Customer entity to CustomerResponse
2026-05-02 19:55:56 [http-nio-9090-exec-5] INFO  com.customer.mapper.CustomerMapper - Mapping Customer entity to CustomerResponse
2026-05-02 19:55:56 [http-nio-9090-exec-5] INFO  com.customer.mapper.CustomerMapper - Mapping Customer entity to CustomerResponse
2026-05-02 19:55:56 [http-nio-9090-exec-5] INFO  com.customer.mapper.CustomerMapper - Mapping Customer entity to CustomerResponse
2026-05-02 19:55:56 [http-nio-9090-exec-5] INFO  com.customer.mapper.CustomerMapper - Mapping Customer entity to CustomerResponse
2026-05-02 19:55:56 [http-nio-9090-exec-5] INFO  com.customer.mapper.CustomerMapper - Mapping Customer entity to CustomerResponse
2026-05-02 19:55:56 [http-nio-9090-exec-5] INFO  com.customer.mapper.CustomerMapper - Mapping Customer entity to CustomerResponse
2026-05-02 19:55:56 [http-nio-9090-exec-5] INFO  com.customer.mapper.CustomerMapper - Mapping Customer entity to CustomerResponse
2026-05-02 19:55:56 [http-nio-9090-exec-5] INFO  com.customer.mapper.CustomerMapper - Mapping Customer entity to CustomerResponse
2026-05-02 19:55:56 [http-nio-9090-exec-5] INFO  com.customer.mapper.CustomerMapper - Mapping Customer entity to CustomerResponse
2026-05-02 19:55:56 [http-nio-9090-exec-5] INFO  com.customer.mapper.CustomerMapper - Mapping Customer entity to CustomerResponse
2026-05-02 19:55:56 [http-nio-9090-exec-5] INFO  com.customer.mapper.CustomerMapper - Mapping Customer entity to CustomerResponse
2026-05-02 19:55:56 [http-nio-9090-exec-5] INFO  com.customer.mapper.CustomerMapper - Mapping Customer entity to CustomerResponse
2026-05-02 19:55:56 [http-nio-9090-exec-5] INFO  com.customer.mapper.CustomerMapper - Mapping Customer entity to CustomerResponse
2026-05-02 19:55:56 [http-nio-9090-exec-5] INFO  com.customer.mapper.CustomerMapper - Mapping Customer entity to CustomerResponse
2026-05-02 19:55:56 [http-nio-9090-exec-5] INFO  com.customer.mapper.CustomerMapper - Mapping Customer entity to CustomerResponse
2026-05-02 19:55:56 [http-nio-9090-exec-5] INFO  com.customer.mapper.CustomerMapper - Mapping Customer entity to CustomerResponse
2026-05-02 19:55:56 [http-nio-9090-exec-5] INFO  com.customer.mapper.CustomerMapper - Mapping Customer entity to CustomerResponse
2026-05-02 19:55:56 [http-nio-9090-exec-5] INFO  com.customer.mapper.CustomerMapper - Mapping Customer entity to CustomerResponse
2026-05-02 19:55:56 [http-nio-9090-exec-5] INFO  com.customer.mapper.CustomerMapper - Mapping Customer entity to CustomerResponse
2026-05-02 19:55:56 [http-nio-9090-exec-5] INFO  com.customer.mapper.CustomerMapper - Mapping Customer entity to CustomerResponse
2026-05-02 19:55:56 [http-nio-9090-exec-5] INFO  com.customer.mapper.CustomerMapper - Mapping Customer entity to CustomerResponse
2026-05-02 19:55:56 [http-nio-9090-exec-5] INFO  com.customer.mapper.CustomerMapper - Mapping Customer entity to CustomerResponse
2026-05-02 19:55:56 [http-nio-9090-exec-5] INFO  com.customer.mapper.CustomerMapper - Mapping Customer entity to CustomerResponse
2026-05-02 19:55:56 [http-nio-9090-exec-5] INFO  com.customer.mapper.CustomerMapper - Mapping Customer entity to CustomerResponse
2026-05-02 19:55:56 [http-nio-9090-exec-5] INFO  com.customer.mapper.CustomerMapper - Mapping Customer entity to CustomerResponse
2026-05-02 19:55:56 [http-nio-9090-exec-5] INFO  com.customer.mapper.CustomerMapper - Mapping Customer entity to CustomerResponse
2026-05-02 19:55:56 [http-nio-9090-exec-5] INFO  com.customer.mapper.CustomerMapper - Mapping Customer entity to CustomerResponse
2026-05-02 19:55:56 [http-nio-9090-exec-5] INFO  com.customer.mapper.CustomerMapper - Mapping Customer entity to CustomerResponse
2026-05-02 19:55:56 [http-nio-9090-exec-5] INFO  com.customer.mapper.CustomerMapper - Mapping Customer entity to CustomerResponse
2026-05-02 19:55:56 [http-nio-9090-exec-5] INFO  com.customer.mapper.CustomerMapper - Mapping Customer entity to CustomerResponse
2026-05-02 19:55:56 [http-nio-9090-exec-5] INFO  com.customer.mapper.CustomerMapper - Mapping Customer entity to CustomerResponse
2026-05-02 19:55:56 [http-nio-9090-exec-5] INFO  com.customer.mapper.CustomerMapper - Mapping Customer entity to CustomerResponse
2026-05-02 19:55:56 [http-nio-9090-exec-5] INFO  com.customer.mapper.CustomerMapper - Mapping Customer entity to CustomerResponse
2026-05-02 19:55:56 [http-nio-9090-exec-5] INFO  com.customer.mapper.CustomerMapper - Mapping Customer entity to CustomerResponse
2026-05-02 19:55:56 [http-nio-9090-exec-5] INFO  com.customer.mapper.CustomerMapper - Mapping Customer entity to CustomerResponse
2026-05-02 19:55:56 [http-nio-9090-exec-5] INFO  com.customer.mapper.CustomerMapper - Mapping Customer entity to CustomerResponse
2026-05-02 19:55:56 [http-nio-9090-exec-5] INFO  com.customer.mapper.CustomerMapper - Mapping Customer entity to CustomerResponse
2026-05-02 19:55:56 [http-nio-9090-exec-5] INFO  com.customer.mapper.CustomerMapper - Mapping Customer entity to CustomerResponse
2026-05-02 19:55:56 [http-nio-9090-exec-5] INFO  com.customer.mapper.CustomerMapper - Mapping Customer entity to CustomerResponse
2026-05-02 19:55:56 [http-nio-9090-exec-5] INFO  com.customer.mapper.CustomerMapper - Mapping Customer entity to CustomerResponse
2026-05-02 19:55:56 [http-nio-9090-exec-5] INFO  com.customer.mapper.CustomerMapper - Mapping Customer entity to CustomerResponse
2026-05-02 19:55:56 [http-nio-9090-exec-5] INFO  com.customer.mapper.CustomerMapper - Mapping Customer entity to CustomerResponse
2026-05-02 19:55:56 [http-nio-9090-exec-5] INFO  com.customer.mapper.CustomerMapper - Mapping Customer entity to CustomerResponse
2026-05-02 19:55:56 [http-nio-9090-exec-5] INFO  com.customer.mapper.CustomerMapper - Mapping Customer entity to CustomerResponse
2026-05-02 19:55:56 [http-nio-9090-exec-5] INFO  com.customer.mapper.CustomerMapper - Mapping Customer entity to CustomerResponse
2026-05-02 19:55:56 [http-nio-9090-exec-5] INFO  com.customer.mapper.CustomerMapper - Mapping Customer entity to CustomerResponse
2026-05-02 19:55:56 [http-nio-9090-exec-5] INFO  com.customer.mapper.CustomerMapper - Mapping Customer entity to CustomerResponse
2026-05-02 19:55:56 [http-nio-9090-exec-5] INFO  com.customer.mapper.CustomerMapper - Mapping Customer entity to CustomerResponse
2026-05-02 19:55:56 [http-nio-9090-exec-5] INFO  com.customer.mapper.CustomerMapper - Mapping Customer entity to CustomerResponse
2026-05-02 19:55:56 [http-nio-9090-exec-5] INFO  com.customer.mapper.CustomerMapper - Mapping Customer entity to CustomerResponse
2026-05-02 19:55:56 [http-nio-9090-exec-5] INFO  com.customer.mapper.CustomerMapper - Mapping Customer entity to CustomerResponse
2026-05-02 19:55:56 [http-nio-9090-exec-5] INFO  com.customer.mapper.CustomerMapper - Mapping Customer entity to CustomerResponse
2026-05-02 19:55:56 [http-nio-9090-exec-5] INFO  com.customer.mapper.CustomerMapper - Mapping Customer entity to CustomerResponse
2026-05-02 19:56:09 [http-nio-9090-exec-6] INFO  c.c.controller.CustomerController - Entering getAllCustomers method
2026-05-02 19:56:09 [http-nio-9090-exec-6] INFO  c.customer.service.CustomerService - Entering getAllCustomers
2026-05-02 19:56:09 [http-nio-9090-exec-6] INFO  com.customer.mapper.CustomerMapper - Mapping Customer entity to CustomerResponse
2026-05-02 19:56:09 [http-nio-9090-exec-6] INFO  com.customer.mapper.CustomerMapper - Mapping Customer entity to CustomerResponse
2026-05-02 19:56:09 [http-nio-9090-exec-6] INFO  com.customer.mapper.CustomerMapper - Mapping Customer entity to CustomerResponse
2026-05-02 19:56:09 [http-nio-9090-exec-6] INFO  com.customer.mapper.CustomerMapper - Mapping Customer entity to CustomerResponse
2026-05-02 19:56:09 [http-nio-9090-exec-6] INFO  com.customer.mapper.CustomerMapper - Mapping Customer entity to CustomerResponse
2026-05-02 19:56:09 [http-nio-9090-exec-6] INFO  com.customer.mapper.CustomerMapper - Mapping Customer entity to CustomerResponse
2026-05-02 19:56:09 [http-nio-9090-exec-6] INFO  com.customer.mapper.CustomerMapper - Mapping Customer entity to CustomerResponse
2026-05-02 19:56:09 [http-nio-9090-exec-6] INFO  com.customer.mapper.CustomerMapper - Mapping Customer entity to CustomerResponse
2026-05-02 19:56:09 [http-nio-9090-exec-6] INFO  com.customer.mapper.CustomerMapper - Mapping Customer entity to CustomerResponse
2026-05-02 19:56:09 [http-nio-9090-exec-6] INFO  com.customer.mapper.CustomerMapper - Mapping Customer entity to CustomerResponse
2026-05-02 19:56:09 [http-nio-9090-exec-6] INFO  com.customer.mapper.CustomerMapper - Mapping Customer entity to CustomerResponse
2026-05-02 19:56:09 [http-nio-9090-exec-6] INFO  com.customer.mapper.CustomerMapper - Mapping Customer entity to CustomerResponse
2026-05-02 19:56:09 [http-nio-9090-exec-6] INFO  com.customer.mapper.CustomerMapper - Mapping Customer entity to CustomerResponse
2026-05-02 19:56:09 [http-nio-9090-exec-6] INFO  com.customer.mapper.CustomerMapper - Mapping Customer entity to CustomerResponse
2026-05-02 19:56:09 [http-nio-9090-exec-6] INFO  com.customer.mapper.CustomerMapper - Mapping Customer entity to CustomerResponse
2026-05-02 19:56:09 [http-nio-9090-exec-6] INFO  com.customer.mapper.CustomerMapper - Mapping Customer entity to CustomerResponse
2026-05-02 19:56:09 [http-nio-9090-exec-6] INFO  com.customer.mapper.CustomerMapper - Mapping Customer entity to CustomerResponse
2026-05-02 19:56:09 [http-nio-9090-exec-6] INFO  com.customer.mapper.CustomerMapper - Mapping Customer entity to CustomerResponse
2026-05-02 19:56:09 [http-nio-9090-exec-6] INFO  com.customer.mapper.CustomerMapper - Mapping Customer entity to CustomerResponse
2026-05-02 19:56:09 [http-nio-9090-exec-6] INFO  com.customer.mapper.CustomerMapper - Mapping Customer entity to CustomerResponse
2026-05-02 19:56:09 [http-nio-9090-exec-6] INFO  com.customer.mapper.CustomerMapper - Mapping Customer entity to CustomerResponse
2026-05-02 19:56:09 [http-nio-9090-exec-6] INFO  com.customer.mapper.CustomerMapper - Mapping Customer entity to CustomerResponse
2026-05-02 19:56:09 [http-nio-9090-exec-6] INFO  com.customer.mapper.CustomerMapper - Mapping Customer entity to CustomerResponse
2026-05-02 19:56:09 [http-nio-9090-exec-6] INFO  com.customer.mapper.CustomerMapper - Mapping Customer entity to CustomerResponse
2026-05-02 19:56:09 [http-nio-9090-exec-6] INFO  com.customer.mapper.CustomerMapper - Mapping Customer entity to CustomerResponse
2026-05-02 19:56:09 [http-nio-9090-exec-6] INFO  com.customer.mapper.CustomerMapper - Mapping Customer entity to CustomerResponse
2026-05-02 19:56:09 [http-nio-9090-exec-6] INFO  com.customer.mapper.CustomerMapper - Mapping Customer entity to CustomerResponse
2026-05-02 19:56:09 [http-nio-9090-exec-6] INFO  com.customer.mapper.CustomerMapper - Mapping Customer entity to CustomerResponse
2026-05-02 19:56:09 [http-nio-9090-exec-6] INFO  com.customer.mapper.CustomerMapper - Mapping Customer entity to CustomerResponse
2026-05-02 19:56:09 [http-nio-9090-exec-6] INFO  com.customer.mapper.CustomerMapper - Mapping Customer entity to CustomerResponse
2026-05-02 19:56:09 [http-nio-9090-exec-6] INFO  com.customer.mapper.CustomerMapper - Mapping Customer entity to CustomerResponse
2026-05-02 19:56:09 [http-nio-9090-exec-6] INFO  com.customer.mapper.CustomerMapper - Mapping Customer entity to CustomerResponse
2026-05-02 19:56:09 [http-nio-9090-exec-6] INFO  com.customer.mapper.CustomerMapper - Mapping Customer entity to CustomerResponse
2026-05-02 19:56:09 [http-nio-9090-exec-6] INFO  com.customer.mapper.CustomerMapper - Mapping Customer entity to CustomerResponse
2026-05-02 19:56:09 [http-nio-9090-exec-6] INFO  com.customer.mapper.CustomerMapper - Mapping Customer entity to CustomerResponse
2026-05-02 19:56:09 [http-nio-9090-exec-6] INFO  com.customer.mapper.CustomerMapper - Mapping Customer entity to CustomerResponse
2026-05-02 19:56:09 [http-nio-9090-exec-6] INFO  com.customer.mapper.CustomerMapper - Mapping Customer entity to CustomerResponse
2026-05-02 19:56:09 [http-nio-9090-exec-6] INFO  com.customer.mapper.CustomerMapper - Mapping Customer entity to CustomerResponse
2026-05-02 19:56:09 [http-nio-9090-exec-6] INFO  com.customer.mapper.CustomerMapper - Mapping Customer entity to CustomerResponse
2026-05-02 19:56:09 [http-nio-9090-exec-6] INFO  com.customer.mapper.CustomerMapper - Mapping Customer entity to CustomerResponse
2026-05-02 19:56:09 [http-nio-9090-exec-6] INFO  com.customer.mapper.CustomerMapper - Mapping Customer entity to CustomerResponse
2026-05-02 19:56:09 [http-nio-9090-exec-6] INFO  com.customer.mapper.CustomerMapper - Mapping Customer entity to CustomerResponse
2026-05-02 19:56:09 [http-nio-9090-exec-6] INFO  com.customer.mapper.CustomerMapper - Mapping Customer entity to CustomerResponse
2026-05-02 19:56:09 [http-nio-9090-exec-6] INFO  com.customer.mapper.CustomerMapper - Mapping Customer entity to CustomerResponse
2026-05-02 19:56:09 [http-nio-9090-exec-6] INFO  com.customer.mapper.CustomerMapper - Mapping Customer entity to CustomerResponse
2026-05-02 19:56:09 [http-nio-9090-exec-6] INFO  com.customer.mapper.CustomerMapper - Mapping Customer entity to CustomerResponse
2026-05-02 19:56:09 [http-nio-9090-exec-6] INFO  com.customer.mapper.CustomerMapper - Mapping Customer entity to CustomerResponse
2026-05-02 19:56:09 [http-nio-9090-exec-6] INFO  com.customer.mapper.CustomerMapper - Mapping Customer entity to CustomerResponse
2026-05-02 19:56:09 [http-nio-9090-exec-6] INFO  com.customer.mapper.CustomerMapper - Mapping Customer entity to CustomerResponse
2026-05-02 19:56:09 [http-nio-9090-exec-6] INFO  com.customer.mapper.CustomerMapper - Mapping Customer entity to CustomerResponse
2026-05-02 19:56:09 [http-nio-9090-exec-6] INFO  com.customer.mapper.CustomerMapper - Mapping Customer entity to CustomerResponse
2026-05-02 19:56:09 [http-nio-9090-exec-6] INFO  com.customer.mapper.CustomerMapper - Mapping Customer entity to CustomerResponse
2026-05-02 19:56:09 [http-nio-9090-exec-6] INFO  com.customer.mapper.CustomerMapper - Mapping Customer entity to CustomerResponse
2026-05-02 19:56:09 [http-nio-9090-exec-6] INFO  com.customer.mapper.CustomerMapper - Mapping Customer entity to CustomerResponse
2026-05-02 19:56:09 [http-nio-9090-exec-6] INFO  com.customer.mapper.CustomerMapper - Mapping Customer entity to CustomerResponse
2026-05-02 19:56:09 [http-nio-9090-exec-6] INFO  com.customer.mapper.CustomerMapper - Mapping Customer entity to CustomerResponse
2026-05-02 19:56:09 [http-nio-9090-exec-6] INFO  com.customer.mapper.CustomerMapper - Mapping Customer entity to CustomerResponse
2026-05-02 19:56:09 [http-nio-9090-exec-6] INFO  com.customer.mapper.CustomerMapper - Mapping Customer entity to CustomerResponse
2026-05-02 19:56:09 [http-nio-9090-exec-6] INFO  com.customer.mapper.CustomerMapper - Mapping Customer entity to CustomerResponse
2026-05-02 19:56:09 [http-nio-9090-exec-6] INFO  com.customer.mapper.CustomerMapper - Mapping Customer entity to CustomerResponse
2026-05-02 19:56:09 [http-nio-9090-exec-6] INFO  com.customer.mapper.CustomerMapper - Mapping Customer entity to CustomerResponse
2026-05-02 19:56:09 [http-nio-9090-exec-6] INFO  com.customer.mapper.CustomerMapper - Mapping Customer entity to CustomerResponse
2026-05-02 19:56:13 [http-nio-9090-exec-7] INFO  c.c.controller.CustomerController - Entering getAllCustomers method
2026-05-02 19:56:13 [http-nio-9090-exec-7] INFO  c.customer.service.CustomerService - Entering getAllCustomers
2026-05-02 19:56:13 [http-nio-9090-exec-7] INFO  com.customer.mapper.CustomerMapper - Mapping Customer entity to CustomerResponse
2026-05-02 19:56:13 [http-nio-9090-exec-7] INFO  com.customer.mapper.CustomerMapper - Mapping Customer entity to CustomerResponse
2026-05-02 19:56:13 [http-nio-9090-exec-7] INFO  com.customer.mapper.CustomerMapper - Mapping Customer entity to CustomerResponse
2026-05-02 19:56:13 [http-nio-9090-exec-7] INFO  com.customer.mapper.CustomerMapper - Mapping Customer entity to CustomerResponse
2026-05-02 19:56:13 [http-nio-9090-exec-7] INFO  com.customer.mapper.CustomerMapper - Mapping Customer entity to CustomerResponse
2026-05-02 19:56:13 [http-nio-9090-exec-7] INFO  com.customer.mapper.CustomerMapper - Mapping Customer entity to CustomerResponse
2026-05-02 19:56:13 [http-nio-9090-exec-7] INFO  com.customer.mapper.CustomerMapper - Mapping Customer entity to CustomerResponse
2026-05-02 19:56:13 [http-nio-9090-exec-7] INFO  com.customer.mapper.CustomerMapper - Mapping Customer entity to CustomerResponse
2026-05-02 19:56:13 [http-nio-9090-exec-7] INFO  com.customer.mapper.CustomerMapper - Mapping Customer entity to CustomerResponse
2026-05-02 19:56:13 [http-nio-9090-exec-7] INFO  com.customer.mapper.CustomerMapper - Mapping Customer entity to CustomerResponse
2026-05-02 19:56:13 [http-nio-9090-exec-7] INFO  com.customer.mapper.CustomerMapper - Mapping Customer entity to CustomerResponse
2026-05-02 19:56:13 [http-nio-9090-exec-7] INFO  com.customer.mapper.CustomerMapper - Mapping Customer entity to CustomerResponse
2026-05-02 19:56:13 [http-nio-9090-exec-7] INFO  com.customer.mapper.CustomerMapper - Mapping Customer entity to CustomerResponse
2026-05-02 19:56:13 [http-nio-9090-exec-7] INFO  com.customer.mapper.CustomerMapper - Mapping Customer entity to CustomerResponse
2026-05-02 19:56:13 [http-nio-9090-exec-7] INFO  com.customer.mapper.CustomerMapper - Mapping Customer entity to CustomerResponse
2026-05-02 19:56:13 [http-nio-9090-exec-7] INFO  com.customer.mapper.CustomerMapper - Mapping Customer entity to CustomerResponse
2026-05-02 19:56:13 [http-nio-9090-exec-7] INFO  com.customer.mapper.CustomerMapper - Mapping Customer entity to CustomerResponse
2026-05-02 19:56:13 [http-nio-9090-exec-7] INFO  com.customer.mapper.CustomerMapper - Mapping Customer entity to CustomerResponse
2026-05-02 19:56:13 [http-nio-9090-exec-7] INFO  com.customer.mapper.CustomerMapper - Mapping Customer entity to CustomerResponse
2026-05-02 19:56:13 [http-nio-9090-exec-7] INFO  com.customer.mapper.CustomerMapper - Mapping Customer entity to CustomerResponse
2026-05-02 19:56:13 [http-nio-9090-exec-7] INFO  com.customer.mapper.CustomerMapper - Mapping Customer entity to CustomerResponse
2026-05-02 19:56:13 [http-nio-9090-exec-7] INFO  com.customer.mapper.CustomerMapper - Mapping Customer entity to CustomerResponse
2026-05-02 19:56:13 [http-nio-9090-exec-7] INFO  com.customer.mapper.CustomerMapper - Mapping Customer entity to CustomerResponse
2026-05-02 19:56:13 [http-nio-9090-exec-7] INFO  com.customer.mapper.CustomerMapper - Mapping Customer entity to CustomerResponse
2026-05-02 19:56:13 [http-nio-9090-exec-7] INFO  com.customer.mapper.CustomerMapper - Mapping Customer entity to CustomerResponse
2026-05-02 19:56:13 [http-nio-9090-exec-7] INFO  com.customer.mapper.CustomerMapper - Mapping Customer entity to CustomerResponse
2026-05-02 19:56:13 [http-nio-9090-exec-7] INFO  com.customer.mapper.CustomerMapper - Mapping Customer entity to CustomerResponse
2026-05-02 19:56:13 [http-nio-9090-exec-7] INFO  com.customer.mapper.CustomerMapper - Mapping Customer entity to CustomerResponse
2026-05-02 19:56:13 [http-nio-9090-exec-7] INFO  com.customer.mapper.CustomerMapper - Mapping Customer entity to CustomerResponse
2026-05-02 19:56:13 [http-nio-9090-exec-7] INFO  com.customer.mapper.CustomerMapper - Mapping Customer entity to CustomerResponse
2026-05-02 19:56:13 [http-nio-9090-exec-7] INFO  com.customer.mapper.CustomerMapper - Mapping Customer entity to CustomerResponse
2026-05-02 19:56:13 [http-nio-9090-exec-7] INFO  com.customer.mapper.CustomerMapper - Mapping Customer entity to CustomerResponse
2026-05-02 19:56:13 [http-nio-9090-exec-7] INFO  com.customer.mapper.CustomerMapper - Mapping Customer entity to CustomerResponse
2026-05-02 19:56:13 [http-nio-9090-exec-7] INFO  com.customer.mapper.CustomerMapper - Mapping Customer entity to CustomerResponse
2026-05-02 19:56:13 [http-nio-9090-exec-7] INFO  com.customer.mapper.CustomerMapper - Mapping Customer entity to CustomerResponse
2026-05-02 19:56:13 [http-nio-9090-exec-7] INFO  com.customer.mapper.CustomerMapper - Mapping Customer entity to CustomerResponse
2026-05-02 19:56:13 [http-nio-9090-exec-7] INFO  com.customer.mapper.CustomerMapper - Mapping Customer entity to CustomerResponse
2026-05-02 19:56:13 [http-nio-9090-exec-7] INFO  com.customer.mapper.CustomerMapper - Mapping Customer entity to CustomerResponse
2026-05-02 19:56:13 [http-nio-9090-exec-7] INFO  com.customer.mapper.CustomerMapper - Mapping Customer entity to CustomerResponse
2026-05-02 19:56:13 [http-nio-9090-exec-7] INFO  com.customer.mapper.CustomerMapper - Mapping Customer entity to CustomerResponse
2026-05-02 19:56:13 [http-nio-9090-exec-7] INFO  com.customer.mapper.CustomerMapper - Mapping Customer entity to CustomerResponse
2026-05-02 19:56:13 [http-nio-9090-exec-7] INFO  com.customer.mapper.CustomerMapper - Mapping Customer entity to CustomerResponse
2026-05-02 19:56:13 [http-nio-9090-exec-7] INFO  com.customer.mapper.CustomerMapper - Mapping Customer entity to CustomerResponse
2026-05-02 19:56:13 [http-nio-9090-exec-7] INFO  com.customer.mapper.CustomerMapper - Mapping Customer entity to CustomerResponse
2026-05-02 19:56:13 [http-nio-9090-exec-7] INFO  com.customer.mapper.CustomerMapper - Mapping Customer entity to CustomerResponse
2026-05-02 19:56:13 [http-nio-9090-exec-7] INFO  com.customer.mapper.CustomerMapper - Mapping Customer entity to CustomerResponse
2026-05-02 19:56:13 [http-nio-9090-exec-7] INFO  com.customer.mapper.CustomerMapper - Mapping Customer entity to CustomerResponse
2026-05-02 19:56:13 [http-nio-9090-exec-7] INFO  com.customer.mapper.CustomerMapper - Mapping Customer entity to CustomerResponse
2026-05-02 19:56:13 [http-nio-9090-exec-7] INFO  com.customer.mapper.CustomerMapper - Mapping Customer entity to CustomerResponse
2026-05-02 19:56:13 [http-nio-9090-exec-7] INFO  com.customer.mapper.CustomerMapper - Mapping Customer entity to CustomerResponse
2026-05-02 19:56:13 [http-nio-9090-exec-7] INFO  com.customer.mapper.CustomerMapper - Mapping Customer entity to CustomerResponse
2026-05-02 19:56:13 [http-nio-9090-exec-7] INFO  com.customer.mapper.CustomerMapper - Mapping Customer entity to CustomerResponse
2026-05-02 19:56:13 [http-nio-9090-exec-7] INFO  com.customer.mapper.CustomerMapper - Mapping Customer entity to CustomerResponse
2026-05-02 19:56:13 [http-nio-9090-exec-7] INFO  com.customer.mapper.CustomerMapper - Mapping Customer entity to CustomerResponse
2026-05-02 19:56:13 [http-nio-9090-exec-7] INFO  com.customer.mapper.CustomerMapper - Mapping Customer entity to CustomerResponse
2026-05-02 19:56:13 [http-nio-9090-exec-7] INFO  com.customer.mapper.CustomerMapper - Mapping Customer entity to CustomerResponse
2026-05-02 19:56:13 [http-nio-9090-exec-7] INFO  com.customer.mapper.CustomerMapper - Mapping Customer entity to CustomerResponse
2026-05-02 19:56:13 [http-nio-9090-exec-7] INFO  com.customer.mapper.CustomerMapper - Mapping Customer entity to CustomerResponse
2026-05-02 19:56:13 [http-nio-9090-exec-7] INFO  com.customer.mapper.CustomerMapper - Mapping Customer entity to CustomerResponse
2026-05-02 19:56:13 [http-nio-9090-exec-7] INFO  com.customer.mapper.CustomerMapper - Mapping Customer entity to CustomerResponse
2026-05-02 19:56:13 [http-nio-9090-exec-7] INFO  com.customer.mapper.CustomerMapper - Mapping Customer entity to CustomerResponse
2026-05-02 19:56:13 [http-nio-9090-exec-7] INFO  com.customer.mapper.CustomerMapper - Mapping Customer entity to CustomerResponse
2026-05-02 19:56:20 [http-nio-9090-exec-8] INFO  c.c.controller.CustomerController - Entering getAllCustomers method
2026-05-02 19:56:20 [http-nio-9090-exec-8] INFO  c.customer.service.CustomerService - Entering getAllCustomers
2026-05-02 19:56:20 [http-nio-9090-exec-8] INFO  com.customer.mapper.CustomerMapper - Mapping Customer entity to CustomerResponse
2026-05-02 19:56:20 [http-nio-9090-exec-8] INFO  com.customer.mapper.CustomerMapper - Mapping Customer entity to CustomerResponse
2026-05-02 19:56:20 [http-nio-9090-exec-8] INFO  com.customer.mapper.CustomerMapper - Mapping Customer entity to CustomerResponse
2026-05-02 19:56:20 [http-nio-9090-exec-8] INFO  com.customer.mapper.CustomerMapper - Mapping Customer entity to CustomerResponse
2026-05-02 19:56:20 [http-nio-9090-exec-8] INFO  com.customer.mapper.CustomerMapper - Mapping Customer entity to CustomerResponse
2026-05-02 19:56:20 [http-nio-9090-exec-8] INFO  com.customer.mapper.CustomerMapper - Mapping Customer entity to CustomerResponse
2026-05-02 19:56:20 [http-nio-9090-exec-8] INFO  com.customer.mapper.CustomerMapper - Mapping Customer entity to CustomerResponse
2026-05-02 19:56:20 [http-nio-9090-exec-8] INFO  com.customer.mapper.CustomerMapper - Mapping Customer entity to CustomerResponse
2026-05-02 19:56:20 [http-nio-9090-exec-8] INFO  com.customer.mapper.CustomerMapper - Mapping Customer entity to CustomerResponse
2026-05-02 19:56:20 [http-nio-9090-exec-8] INFO  com.customer.mapper.CustomerMapper - Mapping Customer entity to CustomerResponse
2026-05-02 19:56:20 [http-nio-9090-exec-8] INFO  com.customer.mapper.CustomerMapper - Mapping Customer entity to CustomerResponse
2026-05-02 19:56:20 [http-nio-9090-exec-8] INFO  com.customer.mapper.CustomerMapper - Mapping Customer entity to CustomerResponse
2026-05-02 19:56:20 [http-nio-9090-exec-8] INFO  com.customer.mapper.CustomerMapper - Mapping Customer entity to CustomerResponse
2026-05-02 19:56:20 [http-nio-9090-exec-8] INFO  com.customer.mapper.CustomerMapper - Mapping Customer entity to CustomerResponse
2026-05-02 19:56:20 [http-nio-9090-exec-8] INFO  com.customer.mapper.CustomerMapper - Mapping Customer entity to CustomerResponse
2026-05-02 19:56:20 [http-nio-9090-exec-8] INFO  com.customer.mapper.CustomerMapper - Mapping Customer entity to CustomerResponse
2026-05-02 19:56:20 [http-nio-9090-exec-8] INFO  com.customer.mapper.CustomerMapper - Mapping Customer entity to CustomerResponse
2026-05-02 19:56:20 [http-nio-9090-exec-8] INFO  com.customer.mapper.CustomerMapper - Mapping Customer entity to CustomerResponse
2026-05-02 19:56:20 [http-nio-9090-exec-8] INFO  com.customer.mapper.CustomerMapper - Mapping Customer entity to CustomerResponse
2026-05-02 19:56:20 [http-nio-9090-exec-8] INFO  com.customer.mapper.CustomerMapper - Mapping Customer entity to CustomerResponse
2026-05-02 19:56:20 [http-nio-9090-exec-8] INFO  com.customer.mapper.CustomerMapper - Mapping Customer entity to CustomerResponse
2026-05-02 19:56:20 [http-nio-9090-exec-8] INFO  com.customer.mapper.CustomerMapper - Mapping Customer entity to CustomerResponse
2026-05-02 19:56:20 [http-nio-9090-exec-8] INFO  com.customer.mapper.CustomerMapper - Mapping Customer entity to CustomerResponse
2026-05-02 19:56:20 [http-nio-9090-exec-8] INFO  com.customer.mapper.CustomerMapper - Mapping Customer entity to CustomerResponse
2026-05-02 19:56:20 [http-nio-9090-exec-8] INFO  com.customer.mapper.CustomerMapper - Mapping Customer entity to CustomerResponse
2026-05-02 19:56:20 [http-nio-9090-exec-8] INFO  com.customer.mapper.CustomerMapper - Mapping Customer entity to CustomerResponse
2026-05-02 19:56:20 [http-nio-9090-exec-8] INFO  com.customer.mapper.CustomerMapper - Mapping Customer entity to CustomerResponse
2026-05-02 19:56:20 [http-nio-9090-exec-8] INFO  com.customer.mapper.CustomerMapper - Mapping Customer entity to CustomerResponse
2026-05-02 19:56:20 [http-nio-9090-exec-8] INFO  com.customer.mapper.CustomerMapper - Mapping Customer entity to CustomerResponse
2026-05-02 19:56:20 [http-nio-9090-exec-8] INFO  com.customer.mapper.CustomerMapper - Mapping Customer entity to CustomerResponse
2026-05-02 19:56:20 [http-nio-9090-exec-8] INFO  com.customer.mapper.CustomerMapper - Mapping Customer entity to CustomerResponse
2026-05-02 19:56:20 [http-nio-9090-exec-8] INFO  com.customer.mapper.CustomerMapper - Mapping Customer entity to CustomerResponse
2026-05-02 19:56:20 [http-nio-9090-exec-8] INFO  com.customer.mapper.CustomerMapper - Mapping Customer entity to CustomerResponse
2026-05-02 19:56:20 [http-nio-9090-exec-8] INFO  com.customer.mapper.CustomerMapper - Mapping Customer entity to CustomerResponse
2026-05-02 19:56:20 [http-nio-9090-exec-8] INFO  com.customer.mapper.CustomerMapper - Mapping Customer entity to CustomerResponse
2026-05-02 19:56:20 [http-nio-9090-exec-8] INFO  com.customer.mapper.CustomerMapper - Mapping Customer entity to CustomerResponse
2026-05-02 19:56:20 [http-nio-9090-exec-8] INFO  com.customer.mapper.CustomerMapper - Mapping Customer entity to CustomerResponse
2026-05-02 19:56:20 [http-nio-9090-exec-8] INFO  com.customer.mapper.CustomerMapper - Mapping Customer entity to CustomerResponse
2026-05-02 19:56:20 [http-nio-9090-exec-8] INFO  com.customer.mapper.CustomerMapper - Mapping Customer entity to CustomerResponse
2026-05-02 19:56:20 [http-nio-9090-exec-8] INFO  com.customer.mapper.CustomerMapper - Mapping Customer entity to CustomerResponse
2026-05-02 19:56:20 [http-nio-9090-exec-8] INFO  com.customer.mapper.CustomerMapper - Mapping Customer entity to CustomerResponse
2026-05-02 19:56:20 [http-nio-9090-exec-8] INFO  com.customer.mapper.CustomerMapper - Mapping Customer entity to CustomerResponse
2026-05-02 19:56:20 [http-nio-9090-exec-8] INFO  com.customer.mapper.CustomerMapper - Mapping Customer entity to CustomerResponse
2026-05-02 19:56:20 [http-nio-9090-exec-8] INFO  com.customer.mapper.CustomerMapper - Mapping Customer entity to CustomerResponse
2026-05-02 19:56:20 [http-nio-9090-exec-8] INFO  com.customer.mapper.CustomerMapper - Mapping Customer entity to CustomerResponse
2026-05-02 19:56:20 [http-nio-9090-exec-8] INFO  com.customer.mapper.CustomerMapper - Mapping Customer entity to CustomerResponse
2026-05-02 19:56:20 [http-nio-9090-exec-8] INFO  com.customer.mapper.CustomerMapper - Mapping Customer entity to CustomerResponse
2026-05-02 19:56:20 [http-nio-9090-exec-8] INFO  com.customer.mapper.CustomerMapper - Mapping Customer entity to CustomerResponse
2026-05-02 19:56:20 [http-nio-9090-exec-8] INFO  com.customer.mapper.CustomerMapper - Mapping Customer entity to CustomerResponse
2026-05-02 19:56:20 [http-nio-9090-exec-8] INFO  com.customer.mapper.CustomerMapper - Mapping Customer entity to CustomerResponse
2026-05-02 19:56:20 [http-nio-9090-exec-8] INFO  com.customer.mapper.CustomerMapper - Mapping Customer entity to CustomerResponse
2026-05-02 19:56:20 [http-nio-9090-exec-8] INFO  com.customer.mapper.CustomerMapper - Mapping Customer entity to CustomerResponse
2026-05-02 19:56:20 [http-nio-9090-exec-8] INFO  com.customer.mapper.CustomerMapper - Mapping Customer entity to CustomerResponse
2026-05-02 19:56:20 [http-nio-9090-exec-8] INFO  com.customer.mapper.CustomerMapper - Mapping Customer entity to CustomerResponse
2026-05-02 19:56:20 [http-nio-9090-exec-8] INFO  com.customer.mapper.CustomerMapper - Mapping Customer entity to CustomerResponse
2026-05-02 19:56:20 [http-nio-9090-exec-8] INFO  com.customer.mapper.CustomerMapper - Mapping Customer entity to CustomerResponse
2026-05-02 19:56:20 [http-nio-9090-exec-8] INFO  com.customer.mapper.CustomerMapper - Mapping Customer entity to CustomerResponse
2026-05-02 19:56:20 [http-nio-9090-exec-8] INFO  com.customer.mapper.CustomerMapper - Mapping Customer entity to CustomerResponse
2026-05-02 19:56:20 [http-nio-9090-exec-8] INFO  com.customer.mapper.CustomerMapper - Mapping Customer entity to CustomerResponse
2026-05-02 19:56:20 [http-nio-9090-exec-8] INFO  com.customer.mapper.CustomerMapper - Mapping Customer entity to CustomerResponse
2026-05-02 19:56:20 [http-nio-9090-exec-8] INFO  com.customer.mapper.CustomerMapper - Mapping Customer entity to CustomerResponse
2026-05-02 19:56:20 [http-nio-9090-exec-8] INFO  com.customer.mapper.CustomerMapper - Mapping Customer entity to CustomerResponse
2026-05-02 20:03:46 [http-nio-9090-exec-8] INFO  o.s.api.AbstractOpenApiResource - Init duration for springdoc-openapi is: 600 ms
2026-05-02 20:04:56 [kafka-producer-network-thread | producer-1] INFO  o.apache.kafka.clients.NetworkClient - [Producer clientId=producer-1] Node -1 disconnected.
2026-05-02 20:05:04 [http-nio-9090-exec-3] ERROR c.c.exception.GlobalExceptionHandler - Handling global exception: No static resource api/v1/customers.
org.springframework.web.servlet.resource.NoResourceFoundException: No static resource api/v1/customers.
	at org.springframework.web.servlet.resource.ResourceHttpRequestHandler.handleRequest(ResourceHttpRequestHandler.java:585)
	at org.springframework.web.servlet.mvc.HttpRequestHandlerAdapter.handle(HttpRequestHandlerAdapter.java:52)
	at org.springframework.web.servlet.DispatcherServlet.doDispatch(DispatcherServlet.java:1089)
	at org.springframework.web.servlet.DispatcherServlet.doService(DispatcherServlet.java:979)
	at org.springframework.web.servlet.FrameworkServlet.processRequest(FrameworkServlet.java:1014)
	at org.springframework.web.servlet.FrameworkServlet.doGet(FrameworkServlet.java:903)
	at jakarta.servlet.http.HttpServlet.service(HttpServlet.java:564)
	at org.springframework.web.servlet.FrameworkServlet.service(FrameworkServlet.java:885)
	at jakarta.servlet.http.HttpServlet.service(HttpServlet.java:658)
	at org.apache.catalina.core.ApplicationFilterChain.internalDoFilter(ApplicationFilterChain.java:206)
	at org.apache.catalina.core.ApplicationFilterChain.doFilter(ApplicationFilterChain.java:150)
	at org.apache.tomcat.websocket.server.WsFilter.doFilter(WsFilter.java:51)
	at org.apache.catalina.core.ApplicationFilterChain.internalDoFilter(ApplicationFilterChain.java:175)
	at org.apache.catalina.core.ApplicationFilterChain.doFilter(ApplicationFilterChain.java:150)
	at org.springframework.web.filter.RequestContextFilter.doFilterInternal(RequestContextFilter.java:100)
	at org.springframework.web.filter.OncePerRequestFilter.doFilter(OncePerRequestFilter.java:116)
	at org.apache.catalina.core.ApplicationFilterChain.internalDoFilter(ApplicationFilterChain.java:175)
	at org.apache.catalina.core.ApplicationFilterChain.doFilter(ApplicationFilterChain.java:150)
	at org.springframework.web.filter.FormContentFilter.doFilterInternal(FormContentFilter.java:93)
	at org.springframework.web.filter.OncePerRequestFilter.doFilter(OncePerRequestFilter.java:116)
	at org.apache.catalina.core.ApplicationFilterChain.internalDoFilter(ApplicationFilterChain.java:175)
	at org.apache.catalina.core.ApplicationFilterChain.doFilter(ApplicationFilterChain.java:150)
	at org.springframework.web.filter.CharacterEncodingFilter.doFilterInternal(CharacterEncodingFilter.java:201)
	at org.springframework.web.filter.OncePerRequestFilter.doFilter(OncePerRequestFilter.java:116)
	at org.apache.catalina.core.ApplicationFilterChain.internalDoFilter(ApplicationFilterChain.java:175)
	at org.apache.catalina.core.ApplicationFilterChain.doFilter(ApplicationFilterChain.java:150)
	at org.apache.catalina.core.StandardWrapperValve.invoke(StandardWrapperValve.java:167)
	at org.apache.catalina.core.StandardContextValve.invoke(StandardContextValve.java:90)
	at org.apache.catalina.authenticator.AuthenticatorBase.invoke(AuthenticatorBase.java:482)
	at org.apache.catalina.core.StandardHostValve.invoke(StandardHostValve.java:115)
	at org.apache.catalina.valves.ErrorReportValve.invoke(ErrorReportValve.java:93)
	at org.apache.catalina.core.StandardEngineValve.invoke(StandardEngineValve.java:74)
	at org.apache.catalina.connector.CoyoteAdapter.service(CoyoteAdapter.java:344)
	at org.apache.coyote.http11.Http11Processor.service(Http11Processor.java:391)
	at org.apache.coyote.AbstractProcessorLight.process(AbstractProcessorLight.java:63)
	at org.apache.coyote.AbstractProtocol$ConnectionHandler.process(AbstractProtocol.java:896)
	at org.apache.tomcat.util.net.NioEndpoint$SocketProcessor.doRun(NioEndpoint.java:1736)
	at org.apache.tomcat.util.net.SocketProcessorBase.run(SocketProcessorBase.java:52)
	at org.apache.tomcat.util.threads.ThreadPoolExecutor.runWorker(ThreadPoolExecutor.java:1191)
	at org.apache.tomcat.util.threads.ThreadPoolExecutor$Worker.run(ThreadPoolExecutor.java:659)
	at org.apache.tomcat.util.threads.TaskThread$WrappingRunnable.run(TaskThread.java:63)
	at java.base/java.lang.Thread.run(Unknown Source)
2026-05-02 20:05:08 [http-nio-9090-exec-7] INFO  c.c.controller.CustomerController - Entering getAllCustomers method
2026-05-02 20:05:08 [http-nio-9090-exec-7] INFO  c.customer.service.CustomerService - Entering getAllCustomers
2026-05-02 20:05:08 [http-nio-9090-exec-7] INFO  com.customer.mapper.CustomerMapper - Mapping Customer entity to CustomerResponse
2026-05-02 20:05:08 [http-nio-9090-exec-7] INFO  com.customer.mapper.CustomerMapper - Mapping Customer entity to CustomerResponse
2026-05-02 20:05:08 [http-nio-9090-exec-7] INFO  com.customer.mapper.CustomerMapper - Mapping Customer entity to CustomerResponse
2026-05-02 20:05:08 [http-nio-9090-exec-7] INFO  com.customer.mapper.CustomerMapper - Mapping Customer entity to CustomerResponse
2026-05-02 20:05:08 [http-nio-9090-exec-7] INFO  com.customer.mapper.CustomerMapper - Mapping Customer entity to CustomerResponse
2026-05-02 20:05:08 [http-nio-9090-exec-7] INFO  com.customer.mapper.CustomerMapper - Mapping Customer entity to CustomerResponse
2026-05-02 20:05:08 [http-nio-9090-exec-7] INFO  com.customer.mapper.CustomerMapper - Mapping Customer entity to CustomerResponse
2026-05-02 20:05:08 [http-nio-9090-exec-7] INFO  com.customer.mapper.CustomerMapper - Mapping Customer entity to CustomerResponse
2026-05-02 20:05:08 [http-nio-9090-exec-7] INFO  com.customer.mapper.CustomerMapper - Mapping Customer entity to CustomerResponse
2026-05-02 20:05:08 [http-nio-9090-exec-7] INFO  com.customer.mapper.CustomerMapper - Mapping Customer entity to CustomerResponse
2026-05-02 20:05:08 [http-nio-9090-exec-7] INFO  com.customer.mapper.CustomerMapper - Mapping Customer entity to CustomerResponse
2026-05-02 20:05:08 [http-nio-9090-exec-7] INFO  com.customer.mapper.CustomerMapper - Mapping Customer entity to CustomerResponse
2026-05-02 20:05:08 [http-nio-9090-exec-7] INFO  com.customer.mapper.CustomerMapper - Mapping Customer entity to CustomerResponse
2026-05-02 20:05:08 [http-nio-9090-exec-7] INFO  com.customer.mapper.CustomerMapper - Mapping Customer entity to CustomerResponse
2026-05-02 20:05:08 [http-nio-9090-exec-7] INFO  com.customer.mapper.CustomerMapper - Mapping Customer entity to CustomerResponse
2026-05-02 20:05:08 [http-nio-9090-exec-7] INFO  com.customer.mapper.CustomerMapper - Mapping Customer entity to CustomerResponse
2026-05-02 20:05:08 [http-nio-9090-exec-7] INFO  com.customer.mapper.CustomerMapper - Mapping Customer entity to CustomerResponse
2026-05-02 20:05:08 [http-nio-9090-exec-7] INFO  com.customer.mapper.CustomerMapper - Mapping Customer entity to CustomerResponse
2026-05-02 20:05:08 [http-nio-9090-exec-7] INFO  com.customer.mapper.CustomerMapper - Mapping Customer entity to CustomerResponse
2026-05-02 20:05:08 [http-nio-9090-exec-7] INFO  com.customer.mapper.CustomerMapper - Mapping Customer entity to CustomerResponse
2026-05-02 20:05:08 [http-nio-9090-exec-7] INFO  com.customer.mapper.CustomerMapper - Mapping Customer entity to CustomerResponse
2026-05-02 20:05:08 [http-nio-9090-exec-7] INFO  com.customer.mapper.CustomerMapper - Mapping Customer entity to CustomerResponse
2026-05-02 20:05:08 [http-nio-9090-exec-7] INFO  com.customer.mapper.CustomerMapper - Mapping Customer entity to CustomerResponse
2026-05-02 20:05:08 [http-nio-9090-exec-7] INFO  com.customer.mapper.CustomerMapper - Mapping Customer entity to CustomerResponse
2026-05-02 20:05:08 [http-nio-9090-exec-7] INFO  com.customer.mapper.CustomerMapper - Mapping Customer entity to CustomerResponse
2026-05-02 20:05:08 [http-nio-9090-exec-7] INFO  com.customer.mapper.CustomerMapper - Mapping Customer entity to CustomerResponse
2026-05-02 20:05:08 [http-nio-9090-exec-7] INFO  com.customer.mapper.CustomerMapper - Mapping Customer entity to CustomerResponse
2026-05-02 20:05:08 [http-nio-9090-exec-7] INFO  com.customer.mapper.CustomerMapper - Mapping Customer entity to CustomerResponse
2026-05-02 20:05:08 [http-nio-9090-exec-7] INFO  com.customer.mapper.CustomerMapper - Mapping Customer entity to CustomerResponse
2026-05-02 20:05:08 [http-nio-9090-exec-7] INFO  com.customer.mapper.CustomerMapper - Mapping Customer entity to CustomerResponse
2026-05-02 20:05:08 [http-nio-9090-exec-7] INFO  com.customer.mapper.CustomerMapper - Mapping Customer entity to CustomerResponse
2026-05-02 20:05:08 [http-nio-9090-exec-7] INFO  com.customer.mapper.CustomerMapper - Mapping Customer entity to CustomerResponse
2026-05-02 20:05:08 [http-nio-9090-exec-7] INFO  com.customer.mapper.CustomerMapper - Mapping Customer entity to CustomerResponse
2026-05-02 20:05:08 [http-nio-9090-exec-7] INFO  com.customer.mapper.CustomerMapper - Mapping Customer entity to CustomerResponse
2026-05-02 20:05:08 [http-nio-9090-exec-7] INFO  com.customer.mapper.CustomerMapper - Mapping Customer entity to CustomerResponse
2026-05-02 20:05:08 [http-nio-9090-exec-7] INFO  com.customer.mapper.CustomerMapper - Mapping Customer entity to CustomerResponse
2026-05-02 20:05:08 [http-nio-9090-exec-7] INFO  com.customer.mapper.CustomerMapper - Mapping Customer entity to CustomerResponse
2026-05-02 20:05:08 [http-nio-9090-exec-7] INFO  com.customer.mapper.CustomerMapper - Mapping Customer entity to CustomerResponse
2026-05-02 20:05:08 [http-nio-9090-exec-7] INFO  com.customer.mapper.CustomerMapper - Mapping Customer entity to CustomerResponse
2026-05-02 20:05:08 [http-nio-9090-exec-7] INFO  com.customer.mapper.CustomerMapper - Mapping Customer entity to CustomerResponse
2026-05-02 20:05:08 [http-nio-9090-exec-7] INFO  com.customer.mapper.CustomerMapper - Mapping Customer entity to CustomerResponse
2026-05-02 20:05:08 [http-nio-9090-exec-7] INFO  com.customer.mapper.CustomerMapper - Mapping Customer entity to CustomerResponse
2026-05-02 20:05:08 [http-nio-9090-exec-7] INFO  com.customer.mapper.CustomerMapper - Mapping Customer entity to CustomerResponse
2026-05-02 20:05:08 [http-nio-9090-exec-7] INFO  com.customer.mapper.CustomerMapper - Mapping Customer entity to CustomerResponse
2026-05-02 20:05:08 [http-nio-9090-exec-7] INFO  com.customer.mapper.CustomerMapper - Mapping Customer entity to CustomerResponse
2026-05-02 20:05:08 [http-nio-9090-exec-7] INFO  com.customer.mapper.CustomerMapper - Mapping Customer entity to CustomerResponse
2026-05-02 20:05:08 [http-nio-9090-exec-7] INFO  com.customer.mapper.CustomerMapper - Mapping Customer entity to CustomerResponse
2026-05-02 20:05:08 [http-nio-9090-exec-7] INFO  com.customer.mapper.CustomerMapper - Mapping Customer entity to CustomerResponse
2026-05-02 20:05:08 [http-nio-9090-exec-7] INFO  com.customer.mapper.CustomerMapper - Mapping Customer entity to CustomerResponse
2026-05-02 20:05:08 [http-nio-9090-exec-7] INFO  com.customer.mapper.CustomerMapper - Mapping Customer entity to CustomerResponse
2026-05-02 20:05:08 [http-nio-9090-exec-7] INFO  com.customer.mapper.CustomerMapper - Mapping Customer entity to CustomerResponse
2026-05-02 20:05:08 [http-nio-9090-exec-7] INFO  com.customer.mapper.CustomerMapper - Mapping Customer entity to CustomerResponse
2026-05-02 20:05:08 [http-nio-9090-exec-7] INFO  com.customer.mapper.CustomerMapper - Mapping Customer entity to CustomerResponse
2026-05-02 20:05:08 [http-nio-9090-exec-7] INFO  com.customer.mapper.CustomerMapper - Mapping Customer entity to CustomerResponse
2026-05-02 20:05:08 [http-nio-9090-exec-7] INFO  com.customer.mapper.CustomerMapper - Mapping Customer entity to CustomerResponse
2026-05-02 20:05:08 [http-nio-9090-exec-7] INFO  com.customer.mapper.CustomerMapper - Mapping Customer entity to CustomerResponse
2026-05-02 20:05:08 [http-nio-9090-exec-7] INFO  com.customer.mapper.CustomerMapper - Mapping Customer entity to CustomerResponse
2026-05-02 20:05:08 [http-nio-9090-exec-7] INFO  com.customer.mapper.CustomerMapper - Mapping Customer entity to CustomerResponse
2026-05-02 20:05:08 [http-nio-9090-exec-7] INFO  com.customer.mapper.CustomerMapper - Mapping Customer entity to CustomerResponse
2026-05-02 20:05:08 [http-nio-9090-exec-7] INFO  com.customer.mapper.CustomerMapper - Mapping Customer entity to CustomerResponse
2026-05-02 20:05:08 [http-nio-9090-exec-7] INFO  com.customer.mapper.CustomerMapper - Mapping Customer entity to CustomerResponse
2026-05-02 20:05:08 [http-nio-9090-exec-7] INFO  com.customer.mapper.CustomerMapper - Mapping Customer entity to CustomerResponse
2026-05-02 20:09:12 [http-nio-9090-exec-10] DEBUG com.customer.dto.CustomerRequest - Setting name to: Naseeruddin
2026-05-02 20:09:12 [http-nio-9090-exec-10] DEBUG com.customer.dto.CustomerRequest - Setting email to: naseer@example.com
2026-05-02 20:09:12 [http-nio-9090-exec-10] DEBUG com.customer.dto.CustomerRequest - Setting phone to: 9876543210
2026-05-02 20:09:12 [http-nio-9090-exec-10] INFO  c.c.controller.CustomerController - Entering createCustomer method
2026-05-02 20:09:12 [http-nio-9090-exec-10] INFO  com.customer.mapper.CustomerMapper - Mapping CustomerRequest to Customer entity
2026-05-02 20:09:12 [http-nio-9090-exec-10] INFO  c.customer.service.CustomerService - Entering createCustomer with customer: Customer(id=null, name=Naseeruddin, email=naseer@example.com, phone=9876543210, kycStatus=null, createdAt=null)
2026-05-02 20:09:12 [http-nio-9090-exec-10] WARN  o.h.e.jdbc.spi.SqlExceptionHelper - SQL Error: 1062, SQLState: 23000
2026-05-02 20:09:12 [http-nio-9090-exec-10] ERROR o.h.e.jdbc.spi.SqlExceptionHelper - Duplicate entry 'naseer@example.com' for key 'customers.UKrfbvkrffamfql7cjmen8v976v'
2026-05-02 20:09:12 [http-nio-9090-exec-10] ERROR c.customer.service.CustomerService - Error in createCustomer: could not execute statement [Duplicate entry 'naseer@example.com' for key 'customers.UKrfbvkrffamfql7cjmen8v976v'] [insert into customers (created_at,email,kyc_status,name,phone) values (?,?,?,?,?)]; SQL [insert into customers (created_at,email,kyc_status,name,phone) values (?,?,?,?,?)]; constraint [customers.UKrfbvkrffamfql7cjmen8v976v]
org.springframework.dao.DataIntegrityViolationException: could not execute statement [Duplicate entry 'naseer@example.com' for key 'customers.UKrfbvkrffamfql7cjmen8v976v'] [insert into customers (created_at,email,kyc_status,name,phone) values (?,?,?,?,?)]; SQL [insert into customers (created_at,email,kyc_status,name,phone) values (?,?,?,?,?)]; constraint [customers.UKrfbvkrffamfql7cjmen8v976v]
	at org.springframework.orm.jpa.vendor.HibernateJpaDialect.convertHibernateAccessException(HibernateJpaDialect.java:290)
	at org.springframework.orm.jpa.vendor.HibernateJpaDialect.translateExceptionIfPossible(HibernateJpaDialect.java:241)
	at org.springframework.orm.jpa.AbstractEntityManagerFactoryBean.translateExceptionIfPossible(AbstractEntityManagerFactoryBean.java:550)
	at org.springframework.dao.support.ChainedPersistenceExceptionTranslator.translateExceptionIfPossible(ChainedPersistenceExceptionTranslator.java:61)
	at org.springframework.dao.support.DataAccessUtils.translateIfNecessary(DataAccessUtils.java:335)
	at org.springframework.dao.support.PersistenceExceptionTranslationInterceptor.invoke(PersistenceExceptionTranslationInterceptor.java:152)
	at org.springframework.aop.framework.ReflectiveMethodInvocation.proceed(ReflectiveMethodInvocation.java:184)
	at org.springframework.data.jpa.repository.support.CrudMethodMetadataPostProcessor$CrudMethodMetadataPopulatingMethodInterceptor.invoke(CrudMethodMetadataPostProcessor.java:164)
	at org.springframework.aop.framework.ReflectiveMethodInvocation.proceed(ReflectiveMethodInvocation.java:184)
	at org.springframework.aop.interceptor.ExposeInvocationInterceptor.invoke(ExposeInvocationInterceptor.java:97)
	at org.springframework.aop.framework.ReflectiveMethodInvocation.proceed(ReflectiveMethodInvocation.java:184)
	at org.springframework.aop.framework.JdkDynamicAopProxy.invoke(JdkDynamicAopProxy.java:223)
	at jdk.proxy2/jdk.proxy2.$Proxy133.save(Unknown Source)
	at com.customer.service.CustomerService.createCustomer(CustomerService.java:66)
	at com.customer.controller.CustomerController.createCustomer(CustomerController.java:50)
	at java.base/jdk.internal.reflect.NativeMethodAccessorImpl.invoke0(Native Method)
	at java.base/jdk.internal.reflect.NativeMethodAccessorImpl.invoke(Unknown Source)
	at java.base/jdk.internal.reflect.DelegatingMethodAccessorImpl.invoke(Unknown Source)
	at java.base/java.lang.reflect.Method.invoke(Unknown Source)
	at org.springframework.web.method.support.InvocableHandlerMethod.doInvoke(InvocableHandlerMethod.java:255)
	at org.springframework.web.method.support.InvocableHandlerMethod.invokeForRequest(InvocableHandlerMethod.java:188)
	at org.springframework.web.servlet.mvc.method.annotation.ServletInvocableHandlerMethod.invokeAndHandle(ServletInvocableHandlerMethod.java:118)
	at org.springframework.web.servlet.mvc.method.annotation.RequestMappingHandlerAdapter.invokeHandlerMethod(RequestMappingHandlerAdapter.java:926)
	at org.springframework.web.servlet.mvc.method.annotation.RequestMappingHandlerAdapter.handleInternal(RequestMappingHandlerAdapter.java:831)
	at org.springframework.web.servlet.mvc.method.AbstractHandlerMethodAdapter.handle(AbstractHandlerMethodAdapter.java:87)
	at org.springframework.web.servlet.DispatcherServlet.doDispatch(DispatcherServlet.java:1089)
	at org.springframework.web.servlet.DispatcherServlet.doService(DispatcherServlet.java:979)
	at org.springframework.web.servlet.FrameworkServlet.processRequest(FrameworkServlet.java:1014)
	at org.springframework.web.servlet.FrameworkServlet.doPost(FrameworkServlet.java:914)
	at jakarta.servlet.http.HttpServlet.service(HttpServlet.java:590)
	at org.springframework.web.servlet.FrameworkServlet.service(FrameworkServlet.java:885)
	at jakarta.servlet.http.HttpServlet.service(HttpServlet.java:658)
	at org.apache.catalina.core.ApplicationFilterChain.internalDoFilter(ApplicationFilterChain.java:206)
	at org.apache.catalina.core.ApplicationFilterChain.doFilter(ApplicationFilterChain.java:150)
	at org.apache.tomcat.websocket.server.WsFilter.doFilter(WsFilter.java:51)
	at org.apache.catalina.core.ApplicationFilterChain.internalDoFilter(ApplicationFilterChain.java:175)
	at org.apache.catalina.core.ApplicationFilterChain.doFilter(ApplicationFilterChain.java:150)
	at org.springframework.web.filter.RequestContextFilter.doFilterInternal(RequestContextFilter.java:100)
	at org.springframework.web.filter.OncePerRequestFilter.doFilter(OncePerRequestFilter.java:116)
	at org.apache.catalina.core.ApplicationFilterChain.internalDoFilter(ApplicationFilterChain.java:175)
	at org.apache.catalina.core.ApplicationFilterChain.doFilter(ApplicationFilterChain.java:150)
	at org.springframework.web.filter.FormContentFilter.doFilterInternal(FormContentFilter.java:93)
	at org.springframework.web.filter.OncePerRequestFilter.doFilter(OncePerRequestFilter.java:116)
	at org.apache.catalina.core.ApplicationFilterChain.internalDoFilter(ApplicationFilterChain.java:175)
	at org.apache.catalina.core.ApplicationFilterChain.doFilter(ApplicationFilterChain.java:150)
	at org.springframework.web.filter.CharacterEncodingFilter.doFilterInternal(CharacterEncodingFilter.java:201)
	at org.springframework.web.filter.OncePerRequestFilter.doFilter(OncePerRequestFilter.java:116)
	at org.apache.catalina.core.ApplicationFilterChain.internalDoFilter(ApplicationFilterChain.java:175)
	at org.apache.catalina.core.ApplicationFilterChain.doFilter(ApplicationFilterChain.java:150)
	at org.apache.catalina.core.StandardWrapperValve.invoke(StandardWrapperValve.java:167)
	at org.apache.catalina.core.StandardContextValve.invoke(StandardContextValve.java:90)
	at org.apache.catalina.authenticator.AuthenticatorBase.invoke(AuthenticatorBase.java:482)
	at org.apache.catalina.core.StandardHostValve.invoke(StandardHostValve.java:115)
	at org.apache.catalina.valves.ErrorReportValve.invoke(ErrorReportValve.java:93)
	at org.apache.catalina.core.StandardEngineValve.invoke(StandardEngineValve.java:74)
	at org.apache.catalina.connector.CoyoteAdapter.service(CoyoteAdapter.java:344)
	at org.apache.coyote.http11.Http11Processor.service(Http11Processor.java:391)
	at org.apache.coyote.AbstractProcessorLight.process(AbstractProcessorLight.java:63)
	at org.apache.coyote.AbstractProtocol$ConnectionHandler.process(AbstractProtocol.java:896)
	at org.apache.tomcat.util.net.NioEndpoint$SocketProcessor.doRun(NioEndpoint.java:1736)
	at org.apache.tomcat.util.net.SocketProcessorBase.run(SocketProcessorBase.java:52)
	at org.apache.tomcat.util.threads.ThreadPoolExecutor.runWorker(ThreadPoolExecutor.java:1191)
	at org.apache.tomcat.util.threads.ThreadPoolExecutor$Worker.run(ThreadPoolExecutor.java:659)
	at org.apache.tomcat.util.threads.TaskThread$WrappingRunnable.run(TaskThread.java:63)
	at java.base/java.lang.Thread.run(Unknown Source)
Caused by: org.hibernate.exception.ConstraintViolationException: could not execute statement [Duplicate entry 'naseer@example.com' for key 'customers.UKrfbvkrffamfql7cjmen8v976v'] [insert into customers (created_at,email,kyc_status,name,phone) values (?,?,?,?,?)]
	at org.hibernate.exception.internal.SQLExceptionTypeDelegate.convert(SQLExceptionTypeDelegate.java:62)
	at org.hibernate.exception.internal.StandardSQLExceptionConverter.convert(StandardSQLExceptionConverter.java:58)
	at org.hibernate.engine.jdbc.spi.SqlExceptionHelper.convert(SqlExceptionHelper.java:108)
	at org.hibernate.engine.jdbc.internal.ResultSetReturnImpl.executeUpdate(ResultSetReturnImpl.java:197)
	at org.hibernate.id.insert.GetGeneratedKeysDelegate.performInsert(GetGeneratedKeysDelegate.java:107)
	at org.hibernate.engine.jdbc.mutation.internal.MutationExecutorPostInsertSingleTable.execute(MutationExecutorPostInsertSingleTable.java:100)
	at org.hibernate.persister.entity.mutation.InsertCoordinator.doStaticInserts(InsertCoordinator.java:175)
	at org.hibernate.persister.entity.mutation.InsertCoordinator.coordinateInsert(InsertCoordinator.java:113)
	at org.hibernate.persister.entity.AbstractEntityPersister.insert(AbstractEntityPersister.java:2868)
	at org.hibernate.action.internal.EntityIdentityInsertAction.execute(EntityIdentityInsertAction.java:81)
	at org.hibernate.engine.spi.ActionQueue.execute(ActionQueue.java:670)
	at org.hibernate.engine.spi.ActionQueue.addResolvedEntityInsertAction(ActionQueue.java:291)
	at org.hibernate.engine.spi.ActionQueue.addInsertAction(ActionQueue.java:272)
	at org.hibernate.engine.spi.ActionQueue.addAction(ActionQueue.java:322)
	at org.hibernate.event.internal.AbstractSaveEventListener.addInsertAction(AbstractSaveEventListener.java:386)
	at org.hibernate.event.internal.AbstractSaveEventListener.performSaveOrReplicate(AbstractSaveEventListener.java:300)
	at org.hibernate.event.internal.AbstractSaveEventListener.performSave(AbstractSaveEventListener.java:219)
	at org.hibernate.event.internal.AbstractSaveEventListener.saveWithGeneratedId(AbstractSaveEventListener.java:134)
	at org.hibernate.event.internal.DefaultPersistEventListener.entityIsTransient(DefaultPersistEventListener.java:175)
	at org.hibernate.event.internal.DefaultPersistEventListener.persist(DefaultPersistEventListener.java:93)
	at org.hibernate.event.internal.DefaultPersistEventListener.onPersist(DefaultPersistEventListener.java:77)
	at org.hibernate.event.internal.DefaultPersistEventListener.onPersist(DefaultPersistEventListener.java:54)
	at org.hibernate.event.service.internal.EventListenerGroupImpl.fireEventOnEachListener(EventListenerGroupImpl.java:127)
	at org.hibernate.internal.SessionImpl.firePersist(SessionImpl.java:754)
	at org.hibernate.internal.SessionImpl.persist(SessionImpl.java:738)
	at java.base/jdk.internal.reflect.NativeMethodAccessorImpl.invoke0(Native Method)
	at java.base/jdk.internal.reflect.NativeMethodAccessorImpl.invoke(Unknown Source)
	at java.base/jdk.internal.reflect.DelegatingMethodAccessorImpl.invoke(Unknown Source)
	at java.base/java.lang.reflect.Method.invoke(Unknown Source)
	at org.springframework.orm.jpa.ExtendedEntityManagerCreator$ExtendedEntityManagerInvocationHandler.invoke(ExtendedEntityManagerCreator.java:364)
	at jdk.proxy2/jdk.proxy2.$Proxy130.persist(Unknown Source)
	at java.base/jdk.internal.reflect.NativeMethodAccessorImpl.invoke0(Native Method)
	at java.base/jdk.internal.reflect.NativeMethodAccessorImpl.invoke(Unknown Source)
	at java.base/jdk.internal.reflect.DelegatingMethodAccessorImpl.invoke(Unknown Source)
	at java.base/java.lang.reflect.Method.invoke(Unknown Source)
	at org.springframework.orm.jpa.SharedEntityManagerCreator$SharedEntityManagerInvocationHandler.invoke(SharedEntityManagerCreator.java:319)
	at jdk.proxy2/jdk.proxy2.$Proxy130.persist(Unknown Source)
	at org.springframework.data.jpa.repository.support.SimpleJpaRepository.save(SimpleJpaRepository.java:618)
	at java.base/jdk.internal.reflect.NativeMethodAccessorImpl.invoke0(Native Method)
	at java.base/jdk.internal.reflect.NativeMethodAccessorImpl.invoke(Unknown Source)
	at java.base/jdk.internal.reflect.DelegatingMethodAccessorImpl.invoke(Unknown Source)
	at java.base/java.lang.reflect.Method.invoke(Unknown Source)
	at org.springframework.aop.support.AopUtils.invokeJoinpointUsingReflection(AopUtils.java:354)
	at org.springframework.data.repository.core.support.RepositoryMethodInvoker$RepositoryFragmentMethodInvoker.lambda$new$0(RepositoryMethodInvoker.java:277)
	at org.springframework.data.repository.core.support.RepositoryMethodInvoker.doInvoke(RepositoryMethodInvoker.java:170)
	at org.springframework.data.repository.core.support.RepositoryMethodInvoker.invoke(RepositoryMethodInvoker.java:158)
	at org.springframework.data.repository.core.support.RepositoryComposition$RepositoryFragments.invoke(RepositoryComposition.java:516)
	at org.springframework.data.repository.core.support.RepositoryComposition.invoke(RepositoryComposition.java:285)
	at org.springframework.data.repository.core.support.RepositoryFactorySupport$ImplementationMethodExecutionInterceptor.invoke(RepositoryFactorySupport.java:628)
	at org.springframework.aop.framework.ReflectiveMethodInvocation.proceed(ReflectiveMethodInvocation.java:184)
	at org.springframework.data.repository.core.support.QueryExecutorMethodInterceptor.doInvoke(QueryExecutorMethodInterceptor.java:168)
	at org.springframework.data.repository.core.support.QueryExecutorMethodInterceptor.invoke(QueryExecutorMethodInterceptor.java:143)
	at org.springframework.aop.framework.ReflectiveMethodInvocation.proceed(ReflectiveMethodInvocation.java:184)
	at org.springframework.data.projection.DefaultMethodInvokingMethodInterceptor.invoke(DefaultMethodInvokingMethodInterceptor.java:70)
	at org.springframework.aop.framework.ReflectiveMethodInvocation.proceed(ReflectiveMethodInvocation.java:184)
	at org.springframework.transaction.interceptor.TransactionInterceptor$1.proceedWithInvocation(TransactionInterceptor.java:123)
	at org.springframework.transaction.interceptor.TransactionAspectSupport.invokeWithinTransaction(TransactionAspectSupport.java:392)
	at org.springframework.transaction.interceptor.TransactionInterceptor.invoke(TransactionInterceptor.java:119)
	at org.springframework.aop.framework.ReflectiveMethodInvocation.proceed(ReflectiveMethodInvocation.java:184)
	at org.springframework.dao.support.PersistenceExceptionTranslationInterceptor.invoke(PersistenceExceptionTranslationInterceptor.java:137)
	... 59 common frames omitted
Caused by: java.sql.SQLIntegrityConstraintViolationException: Duplicate entry 'naseer@example.com' for key 'customers.UKrfbvkrffamfql7cjmen8v976v'
	at com.mysql.cj.jdbc.exceptions.SQLError.createSQLException(SQLError.java:118)
	at com.mysql.cj.jdbc.exceptions.SQLExceptionsMapping.translateException(SQLExceptionsMapping.java:122)
	at com.mysql.cj.jdbc.ClientPreparedStatement.executeInternal(ClientPreparedStatement.java:912)
	at com.mysql.cj.jdbc.ClientPreparedStatement.executeUpdateInternal(ClientPreparedStatement.java:1054)
	at com.mysql.cj.jdbc.ClientPreparedStatement.executeUpdateInternal(ClientPreparedStatement.java:1003)
	at com.mysql.cj.jdbc.ClientPreparedStatement.executeLargeUpdate(ClientPreparedStatement.java:1312)
	at com.mysql.cj.jdbc.ClientPreparedStatement.executeUpdate(ClientPreparedStatement.java:988)
	at com.zaxxer.hikari.pool.ProxyPreparedStatement.executeUpdate(ProxyPreparedStatement.java:61)
	at com.zaxxer.hikari.pool.HikariProxyPreparedStatement.executeUpdate(HikariProxyPreparedStatement.java)
	at org.hibernate.engine.jdbc.internal.ResultSetReturnImpl.executeUpdate(ResultSetReturnImpl.java:194)
	... 115 common frames omitted
2026-05-02 20:09:12 [http-nio-9090-exec-10] ERROR c.c.controller.CustomerController - Error in createCustomer: Failed to create customer: could not execute statement [Duplicate entry 'naseer@example.com' for key 'customers.UKrfbvkrffamfql7cjmen8v976v'] [insert into customers (created_at,email,kyc_status,name,phone) values (?,?,?,?,?)]; SQL [insert into customers (created_at,email,kyc_status,name,phone) values (?,?,?,?,?)]; constraint [customers.UKrfbvkrffamfql7cjmen8v976v]
java.lang.RuntimeException: Failed to create customer: could not execute statement [Duplicate entry 'naseer@example.com' for key 'customers.UKrfbvkrffamfql7cjmen8v976v'] [insert into customers (created_at,email,kyc_status,name,phone) values (?,?,?,?,?)]; SQL [insert into customers (created_at,email,kyc_status,name,phone) values (?,?,?,?,?)]; constraint [customers.UKrfbvkrffamfql7cjmen8v976v]
	at com.customer.service.CustomerService.createCustomer(CustomerService.java:84)
	at com.customer.controller.CustomerController.createCustomer(CustomerController.java:50)
	at java.base/jdk.internal.reflect.NativeMethodAccessorImpl.invoke0(Native Method)
	at java.base/jdk.internal.reflect.NativeMethodAccessorImpl.invoke(Unknown Source)
	at java.base/jdk.internal.reflect.DelegatingMethodAccessorImpl.invoke(Unknown Source)
	at java.base/java.lang.reflect.Method.invoke(Unknown Source)
	at org.springframework.web.method.support.InvocableHandlerMethod.doInvoke(InvocableHandlerMethod.java:255)
	at org.springframework.web.method.support.InvocableHandlerMethod.invokeForRequest(InvocableHandlerMethod.java:188)
	at org.springframework.web.servlet.mvc.method.annotation.ServletInvocableHandlerMethod.invokeAndHandle(ServletInvocableHandlerMethod.java:118)
	at org.springframework.web.servlet.mvc.method.annotation.RequestMappingHandlerAdapter.invokeHandlerMethod(RequestMappingHandlerAdapter.java:926)
	at org.springframework.web.servlet.mvc.method.annotation.RequestMappingHandlerAdapter.handleInternal(RequestMappingHandlerAdapter.java:831)
	at org.springframework.web.servlet.mvc.method.AbstractHandlerMethodAdapter.handle(AbstractHandlerMethodAdapter.java:87)
	at org.springframework.web.servlet.DispatcherServlet.doDispatch(DispatcherServlet.java:1089)
	at org.springframework.web.servlet.DispatcherServlet.doService(DispatcherServlet.java:979)
	at org.springframework.web.servlet.FrameworkServlet.processRequest(FrameworkServlet.java:1014)
	at org.springframework.web.servlet.FrameworkServlet.doPost(FrameworkServlet.java:914)
	at jakarta.servlet.http.HttpServlet.service(HttpServlet.java:590)
	at org.springframework.web.servlet.FrameworkServlet.service(FrameworkServlet.java:885)
	at jakarta.servlet.http.HttpServlet.service(HttpServlet.java:658)
	at org.apache.catalina.core.ApplicationFilterChain.internalDoFilter(ApplicationFilterChain.java:206)
	at org.apache.catalina.core.ApplicationFilterChain.doFilter(ApplicationFilterChain.java:150)
	at org.apache.tomcat.websocket.server.WsFilter.doFilter(WsFilter.java:51)
	at org.apache.catalina.core.ApplicationFilterChain.internalDoFilter(ApplicationFilterChain.java:175)
	at org.apache.catalina.core.ApplicationFilterChain.doFilter(ApplicationFilterChain.java:150)
	at org.springframework.web.filter.RequestContextFilter.doFilterInternal(RequestContextFilter.java:100)
	at org.springframework.web.filter.OncePerRequestFilter.doFilter(OncePerRequestFilter.java:116)
	at org.apache.catalina.core.ApplicationFilterChain.internalDoFilter(ApplicationFilterChain.java:175)
	at org.apache.catalina.core.ApplicationFilterChain.doFilter(ApplicationFilterChain.java:150)
	at org.springframework.web.filter.FormContentFilter.doFilterInternal(FormContentFilter.java:93)
	at org.springframework.web.filter.OncePerRequestFilter.doFilter(OncePerRequestFilter.java:116)
	at org.apache.catalina.core.ApplicationFilterChain.internalDoFilter(ApplicationFilterChain.java:175)
	at org.apache.catalina.core.ApplicationFilterChain.doFilter(ApplicationFilterChain.java:150)
	at org.springframework.web.filter.CharacterEncodingFilter.doFilterInternal(CharacterEncodingFilter.java:201)
	at org.springframework.web.filter.OncePerRequestFilter.doFilter(OncePerRequestFilter.java:116)
	at org.apache.catalina.core.ApplicationFilterChain.internalDoFilter(ApplicationFilterChain.java:175)
	at org.apache.catalina.core.ApplicationFilterChain.doFilter(ApplicationFilterChain.java:150)
	at org.apache.catalina.core.StandardWrapperValve.invoke(StandardWrapperValve.java:167)
	at org.apache.catalina.core.StandardContextValve.invoke(StandardContextValve.java:90)
	at org.apache.catalina.authenticator.AuthenticatorBase.invoke(AuthenticatorBase.java:482)
	at org.apache.catalina.core.StandardHostValve.invoke(StandardHostValve.java:115)
	at org.apache.catalina.valves.ErrorReportValve.invoke(ErrorReportValve.java:93)
	at org.apache.catalina.core.StandardEngineValve.invoke(StandardEngineValve.java:74)
	at org.apache.catalina.connector.CoyoteAdapter.service(CoyoteAdapter.java:344)
	at org.apache.coyote.http11.Http11Processor.service(Http11Processor.java:391)
	at org.apache.coyote.AbstractProcessorLight.process(AbstractProcessorLight.java:63)
	at org.apache.coyote.AbstractProtocol$ConnectionHandler.process(AbstractProtocol.java:896)
	at org.apache.tomcat.util.net.NioEndpoint$SocketProcessor.doRun(NioEndpoint.java:1736)
	at org.apache.tomcat.util.net.SocketProcessorBase.run(SocketProcessorBase.java:52)
	at org.apache.tomcat.util.threads.ThreadPoolExecutor.runWorker(ThreadPoolExecutor.java:1191)
	at org.apache.tomcat.util.threads.ThreadPoolExecutor$Worker.run(ThreadPoolExecutor.java:659)
	at org.apache.tomcat.util.threads.TaskThread$WrappingRunnable.run(TaskThread.java:63)
	at java.base/java.lang.Thread.run(Unknown Source)
2026-05-02 20:09:12 [http-nio-9090-exec-10] ERROR c.c.exception.GlobalExceptionHandler - Handling global exception: Failed to create customer: Failed to create customer: could not execute statement [Duplicate entry 'naseer@example.com' for key 'customers.UKrfbvkrffamfql7cjmen8v976v'] [insert into customers (created_at,email,kyc_status,name,phone) values (?,?,?,?,?)]; SQL [insert into customers (created_at,email,kyc_status,name,phone) values (?,?,?,?,?)]; constraint [customers.UKrfbvkrffamfql7cjmen8v976v]
java.lang.RuntimeException: Failed to create customer: Failed to create customer: could not execute statement [Duplicate entry 'naseer@example.com' for key 'customers.UKrfbvkrffamfql7cjmen8v976v'] [insert into customers (created_at,email,kyc_status,name,phone) values (?,?,?,?,?)]; SQL [insert into customers (created_at,email,kyc_status,name,phone) values (?,?,?,?,?)]; constraint [customers.UKrfbvkrffamfql7cjmen8v976v]
	at com.customer.controller.CustomerController.createCustomer(CustomerController.java:55)
	at java.base/jdk.internal.reflect.NativeMethodAccessorImpl.invoke0(Native Method)
	at java.base/jdk.internal.reflect.NativeMethodAccessorImpl.invoke(Unknown Source)
	at java.base/jdk.internal.reflect.DelegatingMethodAccessorImpl.invoke(Unknown Source)
	at java.base/java.lang.reflect.Method.invoke(Unknown Source)
	at org.springframework.web.method.support.InvocableHandlerMethod.doInvoke(InvocableHandlerMethod.java:255)
	at org.springframework.web.method.support.InvocableHandlerMethod.invokeForRequest(InvocableHandlerMethod.java:188)
	at org.springframework.web.servlet.mvc.method.annotation.ServletInvocableHandlerMethod.invokeAndHandle(ServletInvocableHandlerMethod.java:118)
	at org.springframework.web.servlet.mvc.method.annotation.RequestMappingHandlerAdapter.invokeHandlerMethod(RequestMappingHandlerAdapter.java:926)
	at org.springframework.web.servlet.mvc.method.annotation.RequestMappingHandlerAdapter.handleInternal(RequestMappingHandlerAdapter.java:831)
	at org.springframework.web.servlet.mvc.method.AbstractHandlerMethodAdapter.handle(AbstractHandlerMethodAdapter.java:87)
	at org.springframework.web.servlet.DispatcherServlet.doDispatch(DispatcherServlet.java:1089)
	at org.springframework.web.servlet.DispatcherServlet.doService(DispatcherServlet.java:979)
	at org.springframework.web.servlet.FrameworkServlet.processRequest(FrameworkServlet.java:1014)
	at org.springframework.web.servlet.FrameworkServlet.doPost(FrameworkServlet.java:914)
	at jakarta.servlet.http.HttpServlet.service(HttpServlet.java:590)
	at org.springframework.web.servlet.FrameworkServlet.service(FrameworkServlet.java:885)
	at jakarta.servlet.http.HttpServlet.service(HttpServlet.java:658)
	at org.apache.catalina.core.ApplicationFilterChain.internalDoFilter(ApplicationFilterChain.java:206)
	at org.apache.catalina.core.ApplicationFilterChain.doFilter(ApplicationFilterChain.java:150)
	at org.apache.tomcat.websocket.server.WsFilter.doFilter(WsFilter.java:51)
	at org.apache.catalina.core.ApplicationFilterChain.internalDoFilter(ApplicationFilterChain.java:175)
	at org.apache.catalina.core.ApplicationFilterChain.doFilter(ApplicationFilterChain.java:150)
	at org.springframework.web.filter.RequestContextFilter.doFilterInternal(RequestContextFilter.java:100)
	at org.springframework.web.filter.OncePerRequestFilter.doFilter(OncePerRequestFilter.java:116)
	at org.apache.catalina.core.ApplicationFilterChain.internalDoFilter(ApplicationFilterChain.java:175)
	at org.apache.catalina.core.ApplicationFilterChain.doFilter(ApplicationFilterChain.java:150)
	at org.springframework.web.filter.FormContentFilter.doFilterInternal(FormContentFilter.java:93)
	at org.springframework.web.filter.OncePerRequestFilter.doFilter(OncePerRequestFilter.java:116)
	at org.apache.catalina.core.ApplicationFilterChain.internalDoFilter(ApplicationFilterChain.java:175)
	at org.apache.catalina.core.ApplicationFilterChain.doFilter(ApplicationFilterChain.java:150)
	at org.springframework.web.filter.CharacterEncodingFilter.doFilterInternal(CharacterEncodingFilter.java:201)
	at org.springframework.web.filter.OncePerRequestFilter.doFilter(OncePerRequestFilter.java:116)
	at org.apache.catalina.core.ApplicationFilterChain.internalDoFilter(ApplicationFilterChain.java:175)
	at org.apache.catalina.core.ApplicationFilterChain.doFilter(ApplicationFilterChain.java:150)
	at org.apache.catalina.core.StandardWrapperValve.invoke(StandardWrapperValve.java:167)
	at org.apache.catalina.core.StandardContextValve.invoke(StandardContextValve.java:90)
	at org.apache.catalina.authenticator.AuthenticatorBase.invoke(AuthenticatorBase.java:482)
	at org.apache.catalina.core.StandardHostValve.invoke(StandardHostValve.java:115)
	at org.apache.catalina.valves.ErrorReportValve.invoke(ErrorReportValve.java:93)
	at org.apache.catalina.core.StandardEngineValve.invoke(StandardEngineValve.java:74)
	at org.apache.catalina.connector.CoyoteAdapter.service(CoyoteAdapter.java:344)
	at org.apache.coyote.http11.Http11Processor.service(Http11Processor.java:391)
	at org.apache.coyote.AbstractProcessorLight.process(AbstractProcessorLight.java:63)
	at org.apache.coyote.AbstractProtocol$ConnectionHandler.process(AbstractProtocol.java:896)
	at org.apache.tomcat.util.net.NioEndpoint$SocketProcessor.doRun(NioEndpoint.java:1736)
	at org.apache.tomcat.util.net.SocketProcessorBase.run(SocketProcessorBase.java:52)
	at org.apache.tomcat.util.threads.ThreadPoolExecutor.runWorker(ThreadPoolExecutor.java:1191)
	at org.apache.tomcat.util.threads.ThreadPoolExecutor$Worker.run(ThreadPoolExecutor.java:659)
	at org.apache.tomcat.util.threads.TaskThread$WrappingRunnable.run(TaskThread.java:63)
	at java.base/java.lang.Thread.run(Unknown Source)
2026-05-02 20:09:26 [http-nio-9090-exec-1] DEBUG com.customer.dto.CustomerRequest - Setting name to: Sahitha
2026-05-02 20:09:26 [http-nio-9090-exec-1] DEBUG com.customer.dto.CustomerRequest - Setting email to: sahitha@example.com
2026-05-02 20:09:26 [http-nio-9090-exec-1] DEBUG com.customer.dto.CustomerRequest - Setting phone to: 9876543210
2026-05-02 20:09:26 [http-nio-9090-exec-1] INFO  c.c.controller.CustomerController - Entering createCustomer method
2026-05-02 20:09:26 [http-nio-9090-exec-1] INFO  com.customer.mapper.CustomerMapper - Mapping CustomerRequest to Customer entity
2026-05-02 20:09:26 [http-nio-9090-exec-1] INFO  c.customer.service.CustomerService - Entering createCustomer with customer: Customer(id=null, name=Sahitha, email=sahitha@example.com, phone=9876543210, kycStatus=null, createdAt=null)
2026-05-02 20:09:26 [http-nio-9090-exec-1] INFO  c.customer.service.CustomerService - Customer created with id: 64
2026-05-02 20:09:26 [http-nio-9090-exec-1] INFO  c.c.service.CustomerEventProducer - Published CUSTOMER_CREATED to topic customer-events: {"eventId":"9cbf12a9-7574-4ab4-abcf-ed1786d9cf66","eventType":"CUSTOMER_CREATED","customerId":64,"email":"sahitha@example.com","name":"Sahitha","kycStatus":"PENDING","timestamp":"2026-05-02T20:09:26.05154721"}
2026-05-02 20:09:26 [http-nio-9090-exec-1] INFO  c.c.controller.CustomerController - Customer created successfully
2026-05-02 20:09:26 [http-nio-9090-exec-1] INFO  com.customer.mapper.CustomerMapper - Mapping Customer entity to CustomerResponse
2026-05-02 20:09:48 [http-nio-9090-exec-4] INFO  c.c.controller.CustomerController - Entering updateKycStatus method with id: 63 and status: VERIFIED
2026-05-02 20:09:48 [http-nio-9090-exec-4] INFO  c.customer.service.CustomerService - Entering updateCustomerKycStatus with customerId: 63 and kycStatus: VERIFIED
2026-05-02 20:09:48 [http-nio-9090-exec-4] INFO  c.customer.service.CustomerService - Entering getCustomerById with customerId: 63
2026-05-02 20:09:48 [http-nio-9090-exec-4] ERROR c.customer.service.CustomerService - Error in getCustomerById: Customer not found with id: 63
com.customer.exception.ResourceNotFoundException: Customer not found with id: 63
	at com.customer.service.CustomerService.lambda$getCustomerById$0(CustomerService.java:31)
	at java.base/java.util.Optional.orElseThrow(Unknown Source)
	at com.customer.service.CustomerService.getCustomerById(CustomerService.java:30)
	at com.customer.service.CustomerService.updateCustomerKycStatus(CustomerService.java:111)
	at com.customer.controller.CustomerController.updateKycStatus(CustomerController.java:114)
	at java.base/jdk.internal.reflect.NativeMethodAccessorImpl.invoke0(Native Method)
	at java.base/jdk.internal.reflect.NativeMethodAccessorImpl.invoke(Unknown Source)
	at java.base/jdk.internal.reflect.DelegatingMethodAccessorImpl.invoke(Unknown Source)
	at java.base/java.lang.reflect.Method.invoke(Unknown Source)
	at org.springframework.web.method.support.InvocableHandlerMethod.doInvoke(InvocableHandlerMethod.java:255)
	at org.springframework.web.method.support.InvocableHandlerMethod.invokeForRequest(InvocableHandlerMethod.java:188)
	at org.springframework.web.servlet.mvc.method.annotation.ServletInvocableHandlerMethod.invokeAndHandle(ServletInvocableHandlerMethod.java:118)
	at org.springframework.web.servlet.mvc.method.annotation.RequestMappingHandlerAdapter.invokeHandlerMethod(RequestMappingHandlerAdapter.java:926)
	at org.springframework.web.servlet.mvc.method.annotation.RequestMappingHandlerAdapter.handleInternal(RequestMappingHandlerAdapter.java:831)
	at org.springframework.web.servlet.mvc.method.AbstractHandlerMethodAdapter.handle(AbstractHandlerMethodAdapter.java:87)
	at org.springframework.web.servlet.DispatcherServlet.doDispatch(DispatcherServlet.java:1089)
	at org.springframework.web.servlet.DispatcherServlet.doService(DispatcherServlet.java:979)
	at org.springframework.web.servlet.FrameworkServlet.processRequest(FrameworkServlet.java:1014)
	at org.springframework.web.servlet.FrameworkServlet.service(FrameworkServlet.java:888)
	at jakarta.servlet.http.HttpServlet.service(HttpServlet.java:658)
	at org.apache.catalina.core.ApplicationFilterChain.internalDoFilter(ApplicationFilterChain.java:206)
	at org.apache.catalina.core.ApplicationFilterChain.doFilter(ApplicationFilterChain.java:150)
	at org.apache.tomcat.websocket.server.WsFilter.doFilter(WsFilter.java:51)
	at org.apache.catalina.core.ApplicationFilterChain.internalDoFilter(ApplicationFilterChain.java:175)
	at org.apache.catalina.core.ApplicationFilterChain.doFilter(ApplicationFilterChain.java:150)
	at org.springframework.web.filter.RequestContextFilter.doFilterInternal(RequestContextFilter.java:100)
	at org.springframework.web.filter.OncePerRequestFilter.doFilter(OncePerRequestFilter.java:116)
	at org.apache.catalina.core.ApplicationFilterChain.internalDoFilter(ApplicationFilterChain.java:175)
	at org.apache.catalina.core.ApplicationFilterChain.doFilter(ApplicationFilterChain.java:150)
	at org.springframework.web.filter.FormContentFilter.doFilterInternal(FormContentFilter.java:93)
	at org.springframework.web.filter.OncePerRequestFilter.doFilter(OncePerRequestFilter.java:116)
	at org.apache.catalina.core.ApplicationFilterChain.internalDoFilter(ApplicationFilterChain.java:175)
	at org.apache.catalina.core.ApplicationFilterChain.doFilter(ApplicationFilterChain.java:150)
	at org.springframework.web.filter.CharacterEncodingFilter.doFilterInternal(CharacterEncodingFilter.java:201)
	at org.springframework.web.filter.OncePerRequestFilter.doFilter(OncePerRequestFilter.java:116)
	at org.apache.catalina.core.ApplicationFilterChain.internalDoFilter(ApplicationFilterChain.java:175)
	at org.apache.catalina.core.ApplicationFilterChain.doFilter(ApplicationFilterChain.java:150)
	at org.apache.catalina.core.StandardWrapperValve.invoke(StandardWrapperValve.java:167)
	at org.apache.catalina.core.StandardContextValve.invoke(StandardContextValve.java:90)
	at org.apache.catalina.authenticator.AuthenticatorBase.invoke(AuthenticatorBase.java:482)
	at org.apache.catalina.core.StandardHostValve.invoke(StandardHostValve.java:115)
	at org.apache.catalina.valves.ErrorReportValve.invoke(ErrorReportValve.java:93)
	at org.apache.catalina.core.StandardEngineValve.invoke(StandardEngineValve.java:74)
	at org.apache.catalina.connector.CoyoteAdapter.service(CoyoteAdapter.java:344)
	at org.apache.coyote.http11.Http11Processor.service(Http11Processor.java:391)
	at org.apache.coyote.AbstractProcessorLight.process(AbstractProcessorLight.java:63)
	at org.apache.coyote.AbstractProtocol$ConnectionHandler.process(AbstractProtocol.java:896)
	at org.apache.tomcat.util.net.NioEndpoint$SocketProcessor.doRun(NioEndpoint.java:1736)
	at org.apache.tomcat.util.net.SocketProcessorBase.run(SocketProcessorBase.java:52)
	at org.apache.tomcat.util.threads.ThreadPoolExecutor.runWorker(ThreadPoolExecutor.java:1191)
	at org.apache.tomcat.util.threads.ThreadPoolExecutor$Worker.run(ThreadPoolExecutor.java:659)
	at org.apache.tomcat.util.threads.TaskThread$WrappingRunnable.run(TaskThread.java:63)
	at java.base/java.lang.Thread.run(Unknown Source)
2026-05-02 20:09:48 [http-nio-9090-exec-4] ERROR c.customer.service.CustomerService - Error in updateCustomerKycStatus: Customer not found with id: 63
com.customer.exception.ResourceNotFoundException: Customer not found with id: 63
	at com.customer.service.CustomerService.lambda$getCustomerById$0(CustomerService.java:31)
	at java.base/java.util.Optional.orElseThrow(Unknown Source)
	at com.customer.service.CustomerService.getCustomerById(CustomerService.java:30)
	at com.customer.service.CustomerService.updateCustomerKycStatus(CustomerService.java:111)
	at com.customer.controller.CustomerController.updateKycStatus(CustomerController.java:114)
	at java.base/jdk.internal.reflect.NativeMethodAccessorImpl.invoke0(Native Method)
	at java.base/jdk.internal.reflect.NativeMethodAccessorImpl.invoke(Unknown Source)
	at java.base/jdk.internal.reflect.DelegatingMethodAccessorImpl.invoke(Unknown Source)
	at java.base/java.lang.reflect.Method.invoke(Unknown Source)
	at org.springframework.web.method.support.InvocableHandlerMethod.doInvoke(InvocableHandlerMethod.java:255)
	at org.springframework.web.method.support.InvocableHandlerMethod.invokeForRequest(InvocableHandlerMethod.java:188)
	at org.springframework.web.servlet.mvc.method.annotation.ServletInvocableHandlerMethod.invokeAndHandle(ServletInvocableHandlerMethod.java:118)
	at org.springframework.web.servlet.mvc.method.annotation.RequestMappingHandlerAdapter.invokeHandlerMethod(RequestMappingHandlerAdapter.java:926)
	at org.springframework.web.servlet.mvc.method.annotation.RequestMappingHandlerAdapter.handleInternal(RequestMappingHandlerAdapter.java:831)
	at org.springframework.web.servlet.mvc.method.AbstractHandlerMethodAdapter.handle(AbstractHandlerMethodAdapter.java:87)
	at org.springframework.web.servlet.DispatcherServlet.doDispatch(DispatcherServlet.java:1089)
	at org.springframework.web.servlet.DispatcherServlet.doService(DispatcherServlet.java:979)
	at org.springframework.web.servlet.FrameworkServlet.processRequest(FrameworkServlet.java:1014)
	at org.springframework.web.servlet.FrameworkServlet.service(FrameworkServlet.java:888)
	at jakarta.servlet.http.HttpServlet.service(HttpServlet.java:658)
	at org.apache.catalina.core.ApplicationFilterChain.internalDoFilter(ApplicationFilterChain.java:206)
	at org.apache.catalina.core.ApplicationFilterChain.doFilter(ApplicationFilterChain.java:150)
	at org.apache.tomcat.websocket.server.WsFilter.doFilter(WsFilter.java:51)
	at org.apache.catalina.core.ApplicationFilterChain.internalDoFilter(ApplicationFilterChain.java:175)
	at org.apache.catalina.core.ApplicationFilterChain.doFilter(ApplicationFilterChain.java:150)
	at org.springframework.web.filter.RequestContextFilter.doFilterInternal(RequestContextFilter.java:100)
	at org.springframework.web.filter.OncePerRequestFilter.doFilter(OncePerRequestFilter.java:116)
	at org.apache.catalina.core.ApplicationFilterChain.internalDoFilter(ApplicationFilterChain.java:175)
	at org.apache.catalina.core.ApplicationFilterChain.doFilter(ApplicationFilterChain.java:150)
	at org.springframework.web.filter.FormContentFilter.doFilterInternal(FormContentFilter.java:93)
	at org.springframework.web.filter.OncePerRequestFilter.doFilter(OncePerRequestFilter.java:116)
	at org.apache.catalina.core.ApplicationFilterChain.internalDoFilter(ApplicationFilterChain.java:175)
	at org.apache.catalina.core.ApplicationFilterChain.doFilter(ApplicationFilterChain.java:150)
	at org.springframework.web.filter.CharacterEncodingFilter.doFilterInternal(CharacterEncodingFilter.java:201)
	at org.springframework.web.filter.OncePerRequestFilter.doFilter(OncePerRequestFilter.java:116)
	at org.apache.catalina.core.ApplicationFilterChain.internalDoFilter(ApplicationFilterChain.java:175)
	at org.apache.catalina.core.ApplicationFilterChain.doFilter(ApplicationFilterChain.java:150)
	at org.apache.catalina.core.StandardWrapperValve.invoke(StandardWrapperValve.java:167)
	at org.apache.catalina.core.StandardContextValve.invoke(StandardContextValve.java:90)
	at org.apache.catalina.authenticator.AuthenticatorBase.invoke(AuthenticatorBase.java:482)
	at org.apache.catalina.core.StandardHostValve.invoke(StandardHostValve.java:115)
	at org.apache.catalina.valves.ErrorReportValve.invoke(ErrorReportValve.java:93)
	at org.apache.catalina.core.StandardEngineValve.invoke(StandardEngineValve.java:74)
	at org.apache.catalina.connector.CoyoteAdapter.service(CoyoteAdapter.java:344)
	at org.apache.coyote.http11.Http11Processor.service(Http11Processor.java:391)
	at org.apache.coyote.AbstractProcessorLight.process(AbstractProcessorLight.java:63)
	at org.apache.coyote.AbstractProtocol$ConnectionHandler.process(AbstractProtocol.java:896)
	at org.apache.tomcat.util.net.NioEndpoint$SocketProcessor.doRun(NioEndpoint.java:1736)
	at org.apache.tomcat.util.net.SocketProcessorBase.run(SocketProcessorBase.java:52)
	at org.apache.tomcat.util.threads.ThreadPoolExecutor.runWorker(ThreadPoolExecutor.java:1191)
	at org.apache.tomcat.util.threads.ThreadPoolExecutor$Worker.run(ThreadPoolExecutor.java:659)
	at org.apache.tomcat.util.threads.TaskThread$WrappingRunnable.run(TaskThread.java:63)
	at java.base/java.lang.Thread.run(Unknown Source)
2026-05-02 20:09:48 [http-nio-9090-exec-4] ERROR c.c.controller.CustomerController - Error in updateKycStatus: Failed to update KYC status: Customer not found with id: 63
java.lang.RuntimeException: Failed to update KYC status: Customer not found with id: 63
	at com.customer.service.CustomerService.updateCustomerKycStatus(CustomerService.java:137)
	at com.customer.controller.CustomerController.updateKycStatus(CustomerController.java:114)
	at java.base/jdk.internal.reflect.NativeMethodAccessorImpl.invoke0(Native Method)
	at java.base/jdk.internal.reflect.NativeMethodAccessorImpl.invoke(Unknown Source)
	at java.base/jdk.internal.reflect.DelegatingMethodAccessorImpl.invoke(Unknown Source)
	at java.base/java.lang.reflect.Method.invoke(Unknown Source)
	at org.springframework.web.method.support.InvocableHandlerMethod.doInvoke(InvocableHandlerMethod.java:255)
	at org.springframework.web.method.support.InvocableHandlerMethod.invokeForRequest(InvocableHandlerMethod.java:188)
	at org.springframework.web.servlet.mvc.method.annotation.ServletInvocableHandlerMethod.invokeAndHandle(ServletInvocableHandlerMethod.java:118)
	at org.springframework.web.servlet.mvc.method.annotation.RequestMappingHandlerAdapter.invokeHandlerMethod(RequestMappingHandlerAdapter.java:926)
	at org.springframework.web.servlet.mvc.method.annotation.RequestMappingHandlerAdapter.handleInternal(RequestMappingHandlerAdapter.java:831)
	at org.springframework.web.servlet.mvc.method.AbstractHandlerMethodAdapter.handle(AbstractHandlerMethodAdapter.java:87)
	at org.springframework.web.servlet.DispatcherServlet.doDispatch(DispatcherServlet.java:1089)
	at org.springframework.web.servlet.DispatcherServlet.doService(DispatcherServlet.java:979)
	at org.springframework.web.servlet.FrameworkServlet.processRequest(FrameworkServlet.java:1014)
	at org.springframework.web.servlet.FrameworkServlet.service(FrameworkServlet.java:888)
	at jakarta.servlet.http.HttpServlet.service(HttpServlet.java:658)
	at org.apache.catalina.core.ApplicationFilterChain.internalDoFilter(ApplicationFilterChain.java:206)
	at org.apache.catalina.core.ApplicationFilterChain.doFilter(ApplicationFilterChain.java:150)
	at org.apache.tomcat.websocket.server.WsFilter.doFilter(WsFilter.java:51)
	at org.apache.catalina.core.ApplicationFilterChain.internalDoFilter(ApplicationFilterChain.java:175)
	at org.apache.catalina.core.ApplicationFilterChain.doFilter(ApplicationFilterChain.java:150)
	at org.springframework.web.filter.RequestContextFilter.doFilterInternal(RequestContextFilter.java:100)
	at org.springframework.web.filter.OncePerRequestFilter.doFilter(OncePerRequestFilter.java:116)
	at org.apache.catalina.core.ApplicationFilterChain.internalDoFilter(ApplicationFilterChain.java:175)
	at org.apache.catalina.core.ApplicationFilterChain.doFilter(ApplicationFilterChain.java:150)
	at org.springframework.web.filter.FormContentFilter.doFilterInternal(FormContentFilter.java:93)
	at org.springframework.web.filter.OncePerRequestFilter.doFilter(OncePerRequestFilter.java:116)
	at org.apache.catalina.core.ApplicationFilterChain.internalDoFilter(ApplicationFilterChain.java:175)
	at org.apache.catalina.core.ApplicationFilterChain.doFilter(ApplicationFilterChain.java:150)
	at org.springframework.web.filter.CharacterEncodingFilter.doFilterInternal(CharacterEncodingFilter.java:201)
	at org.springframework.web.filter.OncePerRequestFilter.doFilter(OncePerRequestFilter.java:116)
	at org.apache.catalina.core.ApplicationFilterChain.internalDoFilter(ApplicationFilterChain.java:175)
	at org.apache.catalina.core.ApplicationFilterChain.doFilter(ApplicationFilterChain.java:150)
	at org.apache.catalina.core.StandardWrapperValve.invoke(StandardWrapperValve.java:167)
	at org.apache.catalina.core.StandardContextValve.invoke(StandardContextValve.java:90)
	at org.apache.catalina.authenticator.AuthenticatorBase.invoke(AuthenticatorBase.java:482)
	at org.apache.catalina.core.StandardHostValve.invoke(StandardHostValve.java:115)
	at org.apache.catalina.valves.ErrorReportValve.invoke(ErrorReportValve.java:93)
	at org.apache.catalina.core.StandardEngineValve.invoke(StandardEngineValve.java:74)
	at org.apache.catalina.connector.CoyoteAdapter.service(CoyoteAdapter.java:344)
	at org.apache.coyote.http11.Http11Processor.service(Http11Processor.java:391)
	at org.apache.coyote.AbstractProcessorLight.process(AbstractProcessorLight.java:63)
	at org.apache.coyote.AbstractProtocol$ConnectionHandler.process(AbstractProtocol.java:896)
	at org.apache.tomcat.util.net.NioEndpoint$SocketProcessor.doRun(NioEndpoint.java:1736)
	at org.apache.tomcat.util.net.SocketProcessorBase.run(SocketProcessorBase.java:52)
	at org.apache.tomcat.util.threads.ThreadPoolExecutor.runWorker(ThreadPoolExecutor.java:1191)
	at org.apache.tomcat.util.threads.ThreadPoolExecutor$Worker.run(ThreadPoolExecutor.java:659)
	at org.apache.tomcat.util.threads.TaskThread$WrappingRunnable.run(TaskThread.java:63)
	at java.base/java.lang.Thread.run(Unknown Source)
2026-05-02 20:09:48 [http-nio-9090-exec-4] ERROR c.c.exception.GlobalExceptionHandler - Handling global exception: Failed to update KYC status: Failed to update KYC status: Customer not found with id: 63
java.lang.RuntimeException: Failed to update KYC status: Failed to update KYC status: Customer not found with id: 63
	at com.customer.controller.CustomerController.updateKycStatus(CustomerController.java:119)
	at java.base/jdk.internal.reflect.NativeMethodAccessorImpl.invoke0(Native Method)
	at java.base/jdk.internal.reflect.NativeMethodAccessorImpl.invoke(Unknown Source)
	at java.base/jdk.internal.reflect.DelegatingMethodAccessorImpl.invoke(Unknown Source)
	at java.base/java.lang.reflect.Method.invoke(Unknown Source)
	at org.springframework.web.method.support.InvocableHandlerMethod.doInvoke(InvocableHandlerMethod.java:255)
	at org.springframework.web.method.support.InvocableHandlerMethod.invokeForRequest(InvocableHandlerMethod.java:188)
	at org.springframework.web.servlet.mvc.method.annotation.ServletInvocableHandlerMethod.invokeAndHandle(ServletInvocableHandlerMethod.java:118)
	at org.springframework.web.servlet.mvc.method.annotation.RequestMappingHandlerAdapter.invokeHandlerMethod(RequestMappingHandlerAdapter.java:926)
	at org.springframework.web.servlet.mvc.method.annotation.RequestMappingHandlerAdapter.handleInternal(RequestMappingHandlerAdapter.java:831)
	at org.springframework.web.servlet.mvc.method.AbstractHandlerMethodAdapter.handle(AbstractHandlerMethodAdapter.java:87)
	at org.springframework.web.servlet.DispatcherServlet.doDispatch(DispatcherServlet.java:1089)
	at org.springframework.web.servlet.DispatcherServlet.doService(DispatcherServlet.java:979)
	at org.springframework.web.servlet.FrameworkServlet.processRequest(FrameworkServlet.java:1014)
	at org.springframework.web.servlet.FrameworkServlet.service(FrameworkServlet.java:888)
	at jakarta.servlet.http.HttpServlet.service(HttpServlet.java:658)
	at org.apache.catalina.core.ApplicationFilterChain.internalDoFilter(ApplicationFilterChain.java:206)
	at org.apache.catalina.core.ApplicationFilterChain.doFilter(ApplicationFilterChain.java:150)
	at org.apache.tomcat.websocket.server.WsFilter.doFilter(WsFilter.java:51)
	at org.apache.catalina.core.ApplicationFilterChain.internalDoFilter(ApplicationFilterChain.java:175)
	at org.apache.catalina.core.ApplicationFilterChain.doFilter(ApplicationFilterChain.java:150)
	at org.springframework.web.filter.RequestContextFilter.doFilterInternal(RequestContextFilter.java:100)
	at org.springframework.web.filter.OncePerRequestFilter.doFilter(OncePerRequestFilter.java:116)
	at org.apache.catalina.core.ApplicationFilterChain.internalDoFilter(ApplicationFilterChain.java:175)
	at org.apache.catalina.core.ApplicationFilterChain.doFilter(ApplicationFilterChain.java:150)
	at org.springframework.web.filter.FormContentFilter.doFilterInternal(FormContentFilter.java:93)
	at org.springframework.web.filter.OncePerRequestFilter.doFilter(OncePerRequestFilter.java:116)
	at org.apache.catalina.core.ApplicationFilterChain.internalDoFilter(ApplicationFilterChain.java:175)
	at org.apache.catalina.core.ApplicationFilterChain.doFilter(ApplicationFilterChain.java:150)
	at org.springframework.web.filter.CharacterEncodingFilter.doFilterInternal(CharacterEncodingFilter.java:201)
	at org.springframework.web.filter.OncePerRequestFilter.doFilter(OncePerRequestFilter.java:116)
	at org.apache.catalina.core.ApplicationFilterChain.internalDoFilter(ApplicationFilterChain.java:175)
	at org.apache.catalina.core.ApplicationFilterChain.doFilter(ApplicationFilterChain.java:150)
	at org.apache.catalina.core.StandardWrapperValve.invoke(StandardWrapperValve.java:167)
	at org.apache.catalina.core.StandardContextValve.invoke(StandardContextValve.java:90)
	at org.apache.catalina.authenticator.AuthenticatorBase.invoke(AuthenticatorBase.java:482)
	at org.apache.catalina.core.StandardHostValve.invoke(StandardHostValve.java:115)
	at org.apache.catalina.valves.ErrorReportValve.invoke(ErrorReportValve.java:93)
	at org.apache.catalina.core.StandardEngineValve.invoke(StandardEngineValve.java:74)
	at org.apache.catalina.connector.CoyoteAdapter.service(CoyoteAdapter.java:344)
	at org.apache.coyote.http11.Http11Processor.service(Http11Processor.java:391)
	at org.apache.coyote.AbstractProcessorLight.process(AbstractProcessorLight.java:63)
	at org.apache.coyote.AbstractProtocol$ConnectionHandler.process(AbstractProtocol.java:896)
	at org.apache.tomcat.util.net.NioEndpoint$SocketProcessor.doRun(NioEndpoint.java:1736)
	at org.apache.tomcat.util.net.SocketProcessorBase.run(SocketProcessorBase.java:52)
	at org.apache.tomcat.util.threads.ThreadPoolExecutor.runWorker(ThreadPoolExecutor.java:1191)
	at org.apache.tomcat.util.threads.ThreadPoolExecutor$Worker.run(ThreadPoolExecutor.java:659)
	at org.apache.tomcat.util.threads.TaskThread$WrappingRunnable.run(TaskThread.java:63)
	at java.base/java.lang.Thread.run(Unknown Source)
2026-05-02 20:09:53 [http-nio-9090-exec-3] INFO  c.c.controller.CustomerController - Entering updateKycStatus method with id: 62 and status: VERIFIED
2026-05-02 20:09:53 [http-nio-9090-exec-3] INFO  c.customer.service.CustomerService - Entering updateCustomerKycStatus with customerId: 62 and kycStatus: VERIFIED
2026-05-02 20:09:53 [http-nio-9090-exec-3] INFO  c.customer.service.CustomerService - Entering getCustomerById with customerId: 62
2026-05-02 20:09:53 [http-nio-9090-exec-3] INFO  c.customer.service.CustomerService - Customer KYC status updated for id: 62
2026-05-02 20:09:53 [http-nio-9090-exec-3] INFO  c.c.service.CustomerEventProducer - Published KYC_STATUS_UPDATED to topic customer-events: {"eventId":"ace46e2a-2bdc-41e4-85cf-1020cd90f349","eventType":"KYC_STATUS_UPDATED","customerId":62,"email":"sahitha@gmail.com","name":"Sahitha","kycStatus":"VERIFIED","timestamp":"2026-05-02T20:09:53.550705433"}
2026-05-02 20:09:53 [http-nio-9090-exec-3] INFO  c.c.controller.CustomerController - KYC status updated successfully
2026-05-02 20:09:53 [http-nio-9090-exec-3] INFO  com.customer.mapper.CustomerMapper - Mapping Customer entity to CustomerResponse
